CompId	NodeId	AlleleFreq	CCSId	CCSPvalue	CCSStatistics	CCSPheno0	CCSPheno1	CCSNa	NodePheno0Count	NodePheno0TotalCount	NodePheno1Count	NodePheno1TotalCount	NACount	NATotalCount	Significant?	Sequence	SequenceLength	Annotations(sep=~~~)
0	n0	11	-1	NA	NA	NA	NA	NA	5	50	6	50	0	0	No	TTGGCTACAGTACAAGGCCAAAAAAGTGACCGGACAACGGATGGGAGACTGGCGAGCGTGTGTGGAGACAGGTATAATATGGAGGAGAGGT	91		
0	n1	13	-1	NA	NA	NA	NA	NA	8	50	5	50	0	0	No	GGCCAAAAAAGTGACGGACAACGGATGGAGACTGGC	36		
0	n2	7	-1	NA	NA	NA	NA	NA	6	50	1	50	0	0	No	GGCCAAAAAAGTGACGGACAACGGATGGAGGCTGGCGAGCGTGGTGGAGACAGTATAATATGGAGGAGAGGTACAGAAGAAG	82		
0	n3	12	-1	NA	NA	NA	NA	NA	7	50	5	50	0	0	No	GGAGTTGTTGAAATTAAGTCTCACTTGGCTCAGTGCAAGGCCAAAAAAGTGACGGACAACGGAGGAGACTGGCGAGCGTGGTGGAGACAGGTA	93		
0	n4	10	-1	NA	NA	NA	NA	NA	4	50	6	50	0	0	No	GCCTCCAGAGCTGCAAGAATGATCTATAGCCTGGCCGGAGTTGTTGAAATAAGTCTCACTTGGCTACAGTCACAAGGCCAAAAAAGTGTACGGACAACGGATGGAGACTGGCGAGCGTG	119		
0	n5	10	-1	NA	NA	NA	NA	NA	4	50	6	50	0	0	No	CAGGTGACCTTCAGCGACTCCTCATAGATCTAAAAAAGTGTTTGATATTTCCCCACATCACC	62		
0	n6	3	293	2.525018e-23	9.900000e+01	0	50	0	0	50	3	50	0	0	Yes	TCCCAAATAAGATAACATCGTGGGTCCATATGCGACGCTAATCAATTTATAGAAAAATCTCTCGCTCGCTCAGCATGGTCCCA	83		
0	n7	12	-1	NA	NA	NA	NA	NA	6	50	6	50	0	0	No	GGTTAACAAACCGCGTCGCTCTTTAAAAAGATATTCCTGCCCGTCCTGCTCTTTAAACCCA	61		
0	n8	5	293	2.525018e-23	9.900000e+01	0	50	0	0	50	5	50	0	0	Yes	GATCTCGTTCTATTCTCGCGAATCAAAAAGAGAGAACCTCCCAAATAAGATAACATCCGTGGGTCCATACGCGACGCTTAATCAATTTATAGAAAATCTCTCGCTCGC	108		
0	n9	4	293	2.525018e-23	9.900000e+01	0	50	0	0	50	4	50	0	0	Yes	TCCCGAGGGTGTATGCGCAGAGGATCTCGTCTATTCTCGCGAATCAAAAAGAGGACCTCCCAAATAAGATAACATCGTGG	80		
0	n10	10	-1	NA	NA	NA	NA	NA	4	50	6	50	0	0	No	GTCGCTCTTTAAAAAGTATTCCTGCCCGTCGTGCTCTTTAAACCCAGCCGTAACCCATTTC	61		
0	n11	9	-1	NA	NA	NA	NA	NA	1	50	8	50	0	0	No	TCTCACTTGGCTACAGTACAAGGCCAAAAAGTGACGGACAACGGATGGAGATTGGCGAGCGTGGTGAAGACAGGTATAATATGAGGAGGGTACAGAAGAAGGCTGGAAGCTAGAATGTACGGAACTCACC	130		
0	n12	9	-1	NA	NA	NA	NA	NA	7	50	2	50	0	0	No	CATAGATCGAAAAAGTGTTTGATATTTCCCACATCACCCAATGGAGTTTATACGAGACGAGCTGGTA	67		
0	n13	13	-1	NA	NA	NA	NA	NA	8	50	5	50	0	0	No	AGATCGTAAAAAGTGTTTGATATTTCCCCAAATCACCAATGGATTTATACGCAGACGAGCTAGGTATTGCTGTGGTATTTTAACAGGCTGAC	92		
0	n14	36	-1	NA	NA	NA	NA	NA	14	50	22	50	0	0	No	AAAAAGTGTTTGATATTTCCCCACATCACCAATGGAGTTTAT	42		
0	n15	12	-1	NA	NA	NA	NA	NA	6	50	6	50	0	0	No	TAAAAAGTGTTTGATATTTCCCCACATCACGCATGGAGTTTATACCGAGACGAGCGGTATTGCTGTGGTATTTACAGGCTGACCGATAAATGCAACAGAAAGC	103		
0	n16	12	-1	NA	NA	NA	NA	NA	4	50	8	50	0	0	No	CATAGATCGAAAAAGTGTTTGATATTTCCCCCATCACCAATGGAGTTTATACGAGACGAGC	61		
0	n17	7	-1	NA	NA	NA	NA	NA	6	50	1	50	0	0	No	AAACTCTTGCGCAAAATCCACGTCTATACGCCGTTCAGTGTCGCCCACATAAGACATCATGGAATTACGAATGTCCCAGGTGACCTTCAGCGTCTCCTCATAGACGTAAAAAGTGTTTGATAGTTCCCCACATCACCTATGGAGTTTATACGAGACGAGCTGGTATTG	168		
0	n18	11	-1	NA	NA	NA	NA	NA	5	50	6	50	0	0	No	AGATGTCCCAGGTGACCTTCAGCGACTCCTATAGATCGTAAAAAGTGGTTGATATTTCCCTCACATCACCAATGGAGTTTATACGAGACGGAGCTGGTAATGCTGTGGTATTTTCAACAGGCTGACCGATAAATGCACAGAAAGCCTGCAATCTC	155		
0	n19	1	293	2.525018e-23	9.900000e+01	0	50	0	0	50	1	50	0	0	Yes	CTCGTTCTATTCTCGCGAATCAAAAAGGAGCACCTCCCAAATAAGATAACATCGTCGGGTCCATACGCGACGCTAATCAATTCTATAGAAAATCTCTCGCTCGCTCACATAGTCGCCACGGCCACCAAGCTTGTGGAACTGGCCATCTCATTGTCTTACGGC	162		
0	n20	20	293	2.525018e-23	9.900000e+01	0	50	0	0	50	20	50	0	0	Yes	TCAAAAAGGAGGACCTCCCAAATAAGATAACATCG	35		
0	n21	4	293	2.525018e-23	9.900000e+01	0	50	0	0	50	4	50	0	0	Yes	TCAAAAAGGAGGACCTCCCAAATAAGATAATCTTCTTGGGTCCATACGCGACGCTAATCAATTTCTAGAAAACTCTCCCTCGCTCAGCATGGTCCCACGGCCACCAAG	108		
0	n22	9	-1	NA	NA	NA	NA	NA	7	50	2	50	0	0	No	AATGGTGCCACGGGAATGTTCCCTATAAAAAGGGTGCTCTGTCCAGGGGCCTACTCCGTAC	61		
0	n23	3	293	2.525018e-23	9.900000e+01	0	50	0	0	50	3	50	0	0	Yes	GAGATGACTAGTGCGGTCGCGCCTGCGTAACAAAACATCTTTCTACGATATAGTTCTGGCGACATGATCATCCGGCAA	78		
0	n24	11	-1	NA	NA	NA	NA	NA	5	50	6	50	0	0	No	AATGGGGCAAAACAGGTTCGCTCATGCACTATGCATCACTGGGTGTTCTGTAAATACTCGCCACTCTAGCGGCAACCGCGTTTCC	85		
0	n25	9	-1	NA	NA	NA	NA	NA	1	50	8	50	0	0	No	GGGCAAAACAGGTTCGCTCATGCACTTGCACACTGGGTGTTCTGTAAAACTCTGCCACCTAGCGGCAACCGCGTTCCGAAATGCGTTACGGCTGGGTTTAAGAGCAGGACGGGCAGAGAATACTTTTCAAAGAGCGACGCCGTTTGTTAACCGAGGGGCCCAGATAAACCG	171		
0	n26	25	-1	NA	NA	NA	NA	NA	16	50	9	50	0	0	No	GGGCAAAACAGGTTCGCTCATGCACTTGCATCACT	35		
0	n27	12	-1	NA	NA	NA	NA	NA	6	50	6	50	0	0	No	TATGGGGCAAAACAGGTTCGCTCATGCACTGCATCACTGGGTGTTCTGTAAAACTCGCC	59		
0	n28	12	-1	NA	NA	NA	NA	NA	7	50	5	50	0	0	No	AGGTTCGCTCATGCACTTGCATCACTTGGGGTTCTGTAAAACTCGCCACTCAGCGGCAACCGCGTTTCCGAAATGGGTTAC	81		
0	n29	7	-1	NA	NA	NA	NA	NA	6	50	1	50	0	0	No	TGTAAAACTCGCCACTCTAGCGGCAACCGCTGTTTCCGAAATGGGTTACGGCTGGGTTTAA	61		
0	n30	12	-1	NA	NA	NA	NA	NA	6	50	6	50	0	0	No	AAAACTCGCCACTCTAGCGGCAACCGCGTTCCGAAATGGGTTACGGCTGGGTTTAAAG	58		
0	n31	31	-1	NA	NA	NA	NA	NA	15	50	16	50	0	0	No	AAAACTCGCCACTCTAGCGGCAACCGCGTTTC	32		
0	n32	5	293	2.525018e-23	9.900000e+01	0	50	0	0	50	5	50	0	0	Yes	GTTCGAGCGGGATTCAAAATAACAGGTGTAATTGGTGACCACCAGCATTCATGAGTCGAC	60		
0	n33	16	293	2.525018e-23	9.900000e+01	0	50	0	0	50	16	50	0	0	Yes	GGATTCAAAATAACAGGTGTATTGGTGACCACCAGCATT	39		
0	n34	13	293	2.525018e-23	9.900000e+01	0	50	0	0	50	13	50	0	0	Yes	GGATTCAAAATAACAGGTGTATTGGTGACCCAAGCATACATGAGTCGACCAGGTCTGCCATGATGGTAGTGGTGATGAACCATTGCCTCAGCCT	94		
0	n35	67	-1	NA	NA	NA	NA	NA	33	50	34	50	0	0	No	GGAAAATCCTGCGCGGAGGCTCCGGGACCACACGGACTA	39		
0	n36	12	-1	NA	NA	NA	NA	NA	6	50	6	50	0	0	No	GTCTTAACAGCAAACTATTGCAACAGTTTGAAAATCCTGCGCGGAGGCTCCGGGACCGACACGGACTAATCAATGCAATAAAGACGCT	88		
0	n37	9	-1	NA	NA	NA	NA	NA	7	50	2	50	0	0	No	TTGGAAAATCCTGCGCGGAGGCTCCGGGACTCACACGGAATAATCAATGCAATAAAGACGCTTTACTCAA	70		
0	n38	8	293	2.525018e-23	9.900000e+01	0	50	0	0	50	8	50	0	0	Yes	CATCGTGGGTCCATACGCGACGCTAATCAAATTTATAGAAAATCTCTCGCTCCTCAGCATGGTCCCACGGCCACCAAGCTTC	82		
0	n39	4	293	2.525018e-23	9.900000e+01	0	50	0	0	50	4	50	0	0	Yes	CCCAAATAAGATAACATCGTGGGTCCATACCGACGCTAATCAATTTATACAAAATCTCTCGCTCGCCCAGCATTGGTCCCTACGGCCACCAAGCTTCGTGGAA	103		
0	n40	3	293	2.525018e-23	9.900000e+01	0	50	0	0	50	3	50	0	0	Yes	AGAAAATCTCTCGCTCGCTCAGCATGGTCCACACGGCCACAACCTTCGTGGAACGGCCATCTCATTGTCTTACGCGCAGCGAACTATAGAAAACTCACGACCGAAGTGAACCCTACACGAGCACACTCCCA	131		
0	n41	6	293	2.525018e-23	9.900000e+01	0	50	0	0	50	6	50	0	0	Yes	AAAATCTCTCGCTCGCTCAGCATGGTCCCACGGCCACCAAG	41		
0	n42	5	293	2.525018e-23	9.900000e+01	0	50	0	0	50	5	50	0	0	Yes	GAAAATCTCTCGCTCGCTCAGCATGGTCCCTACGGCCACCAAGCTTCGTGGAA	53		
0	n43	6	293	2.525018e-23	9.900000e+01	0	50	0	0	50	6	50	0	0	Yes	CTAATCAATTTATAGAAAATCTCTCGCTCGTCAGCATGGTCCCACGGCCACCAAGCTTCG	60		
0	n44	9	-1	NA	NA	NA	NA	NA	1	50	8	50	0	0	No	TGTTCCCTATAAAATGGGTGCTCTGTCCAGAGGCTACTCCGTACCATATGCAAGCCTCCAAGCTGCAAGAATGATCTATAGCACTGGCCG	90		
0	n45	47	-1	NA	NA	NA	NA	NA	24	50	23	50	0	0	No	AAAATGGGTGCTCTGTCCAGGGGCCTACTCC	31		
0	n46	13	-1	NA	NA	NA	NA	NA	8	50	5	50	0	0	No	AAAATGGGTGCTCTGTCCAGGGGCCTACTCTCGTACCATATGCAAGCCCTCCAGAGCTGCAAGAATGATCTATAGC	76		
0	n47	10	-1	NA	NA	NA	NA	NA	4	50	6	50	0	0	No	TTCATTCGCGATGTACAATCTAGCCGATCGATAATATGGCTCAATGGGTGCCACGGGAATGTCCCTATAAAATGGGTGCTCTGTCCTGGGGCCTACTCCGTACCATATGCAAGCCTC	117		
0	n48	12	-1	NA	NA	NA	NA	NA	6	50	6	50	0	0	No	GGGAATGTTCCCTATAAAATGGGTGCTCTGGCCAGGGGCCTACTCGTAACATATGCAAGCCTCCAGAGCTGCTAAGAATGATCTATAGCCACTGGCCGGAGTTGTTGAAATTAAGTCTC	119		
0	n49	5	-1	NA	NA	NA	NA	NA	2	50	3	50	0	0	No	CTCCGGGACCACACGGACTAATCAATGCAAAAAAGACGCTTTACTCAAGCCAACGCGTGGCGTCCAGCAGAGGTTG	76		
0	n50	25	-1	NA	NA	NA	NA	NA	14	50	11	50	0	0	No	AAAAGTGACGGACAACGGATGGAGACTGGCGAG	33		
0	n51	13	-1	NA	NA	NA	NA	NA	8	50	5	50	0	0	No	GGGAAATATCAAACACTTTTTACGATCTATCGAGGAGTCGCTGAAGGTCACCTGGGACATC	61		
0	n52	33	-1	NA	NA	NA	NA	NA	14	50	19	50	0	0	No	GGAAATATCAAACACTTTTTACGATCTATGAGGAGTCGCTGAAGGTCACCT	51		
0	n53	5	-1	NA	NA	NA	NA	NA	2	50	3	50	0	0	No	GGAAATATCAAACACTTTTTACGATCTATGGAGGAGTCGCTGAAGGTACACTTGGGACATCTAATTCCATGATGTCTTTATG	82		
0	n54	21	-1	NA	NA	NA	NA	NA	11	50	10	50	0	0	No	GGGAAATATCAAACACTTTTTCGATCTATGAGGAGTCGCTGAAGGTCAC	49		
0	n55	3	293	2.525018e-23	9.900000e+01	0	50	0	0	50	3	50	0	0	Yes	ACCCTTGAGAGCATTTCGACCTACTTCCCCCTCACCCGAGTGAAACACGTTAAGCTCCGGGGCCAGTATGCGTAGGGCTCGG	82		
0	n56	17	-1	NA	NA	NA	NA	NA	9	50	8	50	0	0	No	AAACAGGTTCGCTCATGCACTTGCATCACTTGGG	34		
0	n57	20	-1	NA	NA	NA	NA	NA	14	50	6	50	0	0	No	AAACAGGTTCGCTCATGCACTTGCATCACTGGG	33		
0	n58	13	293	2.525018e-23	9.900000e+01	0	50	0	0	50	13	50	0	0	Yes	CGACATGATCATCCGGCAAACCAACGACCCATGTAGAGTTGAGCGAAGCGAGCCCTGCG	59		
0	n59	4	293	2.525018e-23	9.900000e+01	0	50	0	0	50	4	50	0	0	Yes	GACATGATCATCCGGCAAACCAACGACCCCCTGTAGAGTTCGAGCGAAGCGATCCCTGCG	60		
0	n60	23	293	2.525018e-23	9.900000e+01	0	50	0	0	50	23	50	0	0	Yes	TCATCCGGCAAACCAACGACCCCTGTAGAGTTCGAGCGAAGCGAGCCC	48		
0	n61	6	293	2.525018e-23	9.900000e+01	0	50	0	0	50	6	50	0	0	Yes	TTTCTACGTATAGTTCTGGCGACATGATCAGTCCGGCAAACCAACGTACCCCTGTAGAGCTCGAGCGAAGCGAGCCATGCG	81		
0	n62	1	293	2.525018e-23	9.900000e+01	0	50	0	0	50	1	50	0	0	Yes	CTGGCGACATGATCATCCGGCAAACCAACGGACCCCTGTAGAGTTCAGCGAAGCGAGCCCTGCG	64		
0	n63	3	293	2.525018e-23	9.900000e+01	0	50	0	0	50	3	50	0	0	Yes	TAGTTCTGGCACATGATCATCCGGCAAACCCAACGACCCCTGAGAGTTCGAGCGAAGCGAGCCCTGCG	68		
0	n64	12	-1	NA	NA	NA	NA	NA	4	50	8	50	0	0	No	TAAAGAGCAGGACGGGCAGGAATACTTTTTCAAAGACGACGCGGTTTGGTTAACCGATGGGCTCCAGACAAACCCGGGGTGACCCTTCAGCGAAACTCTTGCGCAAAATC	110		
0	n65	3	293	2.525018e-23	9.900000e+01	0	50	0	0	50	3	50	0	0	Yes	TCGACTCATGAATGCTGGTGGTCACCAATAAACCTGTTATTTTGAATCCCGCTCGAACTAT	61		
0	n66	12	-1	NA	NA	NA	NA	NA	4	50	8	50	0	0	No	AACACCCAGTGATGCAAGTGCATGAGCGAAACCTGTTTTGCCCCATATCGTTTGGATTGGCCCTAAGTCTCCGCGGACGAACTTAACAACCGTAATTGATGA	102		
0	n67	20	-1	NA	NA	NA	NA	NA	6	50	14	50	0	0	No	AATCCAAACCGAATGGGGCAAAACAGGTTCGCTCATGCACT	41		
0	n68	37	-1	NA	NA	NA	NA	NA	22	50	15	50	0	0	No	AATCCAAACCGATATGGGGCAAAACAGGTTCGCTCATGCACT	42		
0	n69	12	-1	NA	NA	NA	NA	NA	7	50	5	50	0	0	No	TAGGGCCAATCCAAACCGATATGGGGCAAACAGGTTCGCTCATGCACTTGCATCACT	57		
0	n70	13	-1	NA	NA	NA	NA	NA	8	50	5	50	0	0	No	TGGGCCCCTCGGTTAACAAACCGCGTCGCTATTTAAAAAGTATTCCTGCCCGTCCTGCTCT	61		
0	n71	30	-1	NA	NA	NA	NA	NA	18	50	12	50	0	0	No	GGTTAACAAACCGCGTCGCTCTTTAAAAAGTATTCCTG	38		
0	n72	5	-1	NA	NA	NA	NA	NA	2	50	3	50	0	0	No	TCGGTTAACAAACCGCGTCGCTCTTTAAAAGTATTCCTGCCCGTCCTGCTCTTTAA	56		
0	n73	10	-1	NA	NA	NA	NA	NA	4	50	6	50	0	0	No	AGCCTTACATCGTCTTAACAGCAAACTATTCAACAGTTTAGGAAAATCCTGCGCGGAGGCTCCGGGACCA	70		
0	n74	12	-1	NA	NA	NA	NA	NA	7	50	5	50	0	0	No	ATAAACCGGGGAGACCCTTCAGCGAAACTCCTGCGCAAAATCCACGTCTATACGGCCGTTC	61		
0	n75	5	-1	NA	NA	NA	NA	NA	2	50	3	50	0	0	No	GACGCGGTTTGTTAACCGAGGGGCCCAGATTAAACCGGGGGAGACCCTTCAGAGAAACTCTTGGCAAAATCCACGTCTATACGGCCGTTCAGT	93		
0	n76	12	-1	NA	NA	NA	NA	NA	4	50	8	50	0	0	No	TTAGTCCGTGTGGTCCCGGAGCCTCCGCGCGGGATTTTCCAAACGTGTTGCTAATAGTTTGCTGTTAAGACGATGTAAGGCT	82		
0	n77	11	293	2.525018e-23	9.900000e+01	0	50	0	0	50	11	50	0	0	Yes	CCCAAATAAGATAACATCGTGGGTCCATACGCGA	34		
0	n78	6	293	2.525018e-23	9.900000e+01	0	50	0	0	50	6	50	0	0	Yes	AAGGAGGACCTCCCAAATAAGATAACATCGGGGTCCATACTCGACGCTAATCAATTTATAGAAAATCTCTC	71		
0	n79	6	293	2.525018e-23	9.900000e+01	0	50	0	0	50	6	50	0	0	Yes	CATTGCCTCAGCCTCGGGAAGACTGCACCAATTCTGTAGCTAATATTGCGAAACGACGCCCGCCGCGTGATGATCGGAGAAAGAGAACCGGACGACTCCCTATTTCCGGTGTCAGGGATTGTCTGGCTGAAATATCGAGTGAGACTCGATCACCCCAGGC	160		
0	n80	1	293	2.525018e-23	9.900000e+01	0	50	0	0	50	1	50	0	0	Yes	TCCCATGACACCGGAAATAGGGAGACGTCCCGGGTTCTGCTTGCTCCGATCAATCACGCGGCGGGCGTCGCTT	73		
0	n81	13	293	2.525018e-23	9.900000e+01	0	50	0	0	50	13	50	0	0	Yes	TATGCGCAGAGGATCTCGTTCTATTCTCGCAAATCAAAAAGGAGGACCTCCCAATACAGATAACATCGTGGGTCCATACGCGACGCT	87		
0	n82	12	-1	NA	NA	NA	NA	NA	4	50	8	50	0	0	No	CCGCTCAGATTAATTGCCATCTCTCTCCCATTTCATTCGCGATTTAAATCTAGCCGATCGCAAATATGGCTCAATGGTGCCACGGGAATGTT	92		
0	n83	7	-1	NA	NA	NA	NA	NA	6	50	1	50	0	0	No	TAATTGCCATCTCTCTCCCAATTCATTCGCAATGTACAAATCTAGCCGATCGCATAATATGGCTCAAT	68		
0	n84	3	293	2.525018e-23	9.900000e+01	0	50	0	0	50	3	50	0	0	Yes	AGCGCTGAACTCCACAATCAACGAAGTCAAATCTCACCCCATCCCGTCCTCTCGGGATGAGGCATTAGGGGTCCCGAGAGACGCGAGCAACTCAAGCGGGCCCATAGAATTCCCGAGGGTGTATGCGCAGAG	132		
0	n85	10	-1	NA	NA	NA	NA	NA	4	50	6	50	0	0	No	CGAATGAATTGGGAGAGAGATGGCAATTAAATCTGAGCGGGGTTACAACCTCTGCTGGA	59		
0	n86	66	-1	NA	NA	NA	NA	NA	35	50	31	50	0	0	No	TTGAAATTAAGTCTCACTTGGCTACAGTACAAGGCCAA	38		
0	n87	12	-1	NA	NA	NA	NA	NA	4	50	8	50	0	0	No	TGTCTCCACCACGCTCGCCAGTCTCCATCCAGTTGTCCGTCACTTTTTTGTGCCCTTGTACTGTGCCAATGTGAGACTTAAATTCAACATCTCCGGCCAGTGCTATAGATCATTCTTGCA	120		
0	n88	7	-1	NA	NA	NA	NA	NA	6	50	1	50	0	0	No	GTGCTCTGTCCAGGGGCCTACTCCGTACCAATGCAACCTCCCAGAGCTGCAAGAAATGATCTATGCACTGGCGCGGAGTTGTTGAAATTAAGTCTCACTTGGC	103		
0	n89	1	293	2.525018e-23	9.900000e+01	0	50	0	0	50	1	50	0	0	Yes	CCGAGCCCTACGCATACTGGCCCCGGAGCTGAACGTGTTGCACTCGGGTGAAGAGGGGGAGTAGGGTCGAAATGCTCTCCAAGGGTCGCAGTTGCTTAGGTTGACGGGGAGTGAT	115		
0	n90	3	293	2.525018e-23	9.900000e+01	0	50	0	0	50	3	50	0	0	Yes	CGGGTGAGAGGGGAAGTAGGTCGAAATGCTTTCAAGGGTTCGCAGTTGCTTAGGTTGACGG	61		
0	n91	9	-1	NA	NA	NA	NA	NA	7	50	2	50	0	0	No	GTCTCCGGCGGACGAACTTAACAACCGTAAATGTGATGAGGACATGCTTCCCTCTCGGGATAT	63		
0	n92	12	-1	NA	NA	NA	NA	NA	7	50	5	50	0	0	No	AAATGGGTGCTCTGTCCAGGGGCCTACTCCTACCATATGCAAGCCTCCAGAGCTGAAGAATGATCTATAGCACTGGCCGGAGTTG	85		
0	n93	35	-1	NA	NA	NA	NA	NA	17	50	18	50	0	0	No	AAATGGGTGCTCTGTCCAGGGGCCTACTCCGTAC	34		
0	n94	3	293	2.525018e-23	9.900000e+01	0	50	0	0	50	3	50	0	0	Yes	GTGGGTCCATACGCGACGCTAATCAATTTAAAGAAAATCTCTCGCTCGCTCAGCATGGTCC	61		
0	n95	13	-1	NA	NA	NA	NA	NA	8	50	5	50	0	0	No	CGGCCGTTCAGTGTCGCCCACATAAAGACACATGGAATTAGATGTCCCAGGTGACCTTCA	60		
0	n96	45	-1	NA	NA	NA	NA	NA	20	50	25	50	0	0	No	ATAAAGACATCATGGAATTAGATGTCCCAGGTGACCTTCA	40		
0	n97	12	-1	NA	NA	NA	NA	NA	6	50	6	50	0	0	No	TTCAGTGTCGCCCACATAAAGACATCATGGTATTAGATGTCCCAGGTGACCTTCAGCGACT	61		
0	n98	9	-1	NA	NA	NA	NA	NA	7	50	2	50	0	0	No	ACGGCCGTTCAGTGTCGCCCACATAAAGACTATCATGGAATTAGATGTCCCAGAGTGACCTTCAGCGACTCCTCATAGATCGAA	84		
0	n99	10	-1	NA	NA	NA	NA	NA	4	50	6	50	0	0	No	GACTAATCAATGCAATAAAGACGCTTTACTAAGCCAACGCGTGGCGTCCAGCAGAGGTTG	60		
0	n100	41	-1	NA	NA	NA	NA	NA	28	50	13	50	0	0	No	TAATCAATGCAATAAAGACGCTTTACTCAAGCCAACGCGTGGAGTC	46		
0	n101	11	-1	NA	NA	NA	NA	NA	5	50	6	50	0	0	No	TGCGCGGAGGCTCCGGGACCACACGGACTAGATCAATGCAATAAAGACGCTTTACTTAAGCCAACGCGTGGAGTTCAGCAGAGGTTGTAACCCCGCTCAGATTAA	105		
0	n102	12	-1	NA	NA	NA	NA	NA	4	50	8	50	0	0	No	ACGGACTAATCAATGCAATAAAGACGCTTTTACTCAACCAACGCGTGGAGTCCAGCAGAGGTTGTAA	67		
0	n103	12	-1	NA	NA	NA	NA	NA	7	50	5	50	0	0	No	TTTTAAAGAGCGACGCGGTTTGTTAACCGAACGGCCCAGATAAACCGGGGAGACCCTTCAGC	62		
0	n104	4	293	2.525018e-23	9.900000e+01	0	50	0	0	50	4	50	0	0	Yes	ACTATACGTAGAAAGTGTCATATTACGCAGCGCGACCGCACTAGTCATCTCACTATCTA	59		
0	n105	31	293	2.525018e-23	9.900000e+01	0	50	0	0	50	31	50	0	0	Yes	AAAGTGTCATATTACGCAGGCGCGACCGCACTAGTCA	37		
0	n106	5	293	2.525018e-23	9.900000e+01	0	50	0	0	50	5	50	0	0	Yes	CTATACGTAGAAAGTGTCATATTACGCAGGGCGACCGCACTAGTCATCTCACTATCTACA	60		
0	n107	3	293	2.525018e-23	9.900000e+01	0	50	0	0	50	3	50	0	0	Yes	GAACTATACGTAGAAAGTGTCATATTACGCGGCCGACCGCACTAGTCATCTCACTATCTACAG	63		
0	n108	4	293	2.525018e-23	9.900000e+01	0	50	0	0	50	4	50	0	0	Yes	TGAAAGGCTTACCGGTGGGTGCAATGAGGACAT	33		
0	n109	10	-1	NA	NA	NA	NA	NA	4	50	6	50	0	0	No	TTCGCTGAAGGGTCTCCCCGGTTTATCTGGCCCCTCGTGTTAACAACCGCGTCGCTCTTTAAAAAGTATTCCTG	74		
0	n110	11	-1	NA	NA	NA	NA	NA	5	50	6	50	0	0	No	GGCGGACGAACTTAACAACCGTAATTGATGGGACATGCTTCCCTCTCGGATATACCGCTAAACAGTACCGGATATAA	77		
0	n111	13	-1	NA	NA	NA	NA	NA	8	50	5	50	0	0	No	ATATCGGTTTGGATTGGCCCTAAGTCTCCGCGACGAACTTGAACAACCGTAATTGATGGGACATGCTTCCTCTCGGGGATATACGCTAAACAGTACCGGATATAACAAGGTGA	113		
0	n112	36	-1	NA	NA	NA	NA	NA	20	50	16	50	0	0	No	TAATTTCAACAACTCCGGCCAGTGCTATAGATCATTCTT	39		
0	n113	9	-1	NA	NA	NA	NA	NA	7	50	2	50	0	0	No	TAATTTCAACAACTCCGGCCAGTGCTATAGTATCATTCTTGCAGCTCTGGGGCTTGCATATGGTACGGAGTAGGCCCCTG	80		
0	n114	35	293	2.525018e-23	9.900000e+01	0	50	0	0	50	35	50	0	0	Yes	ACGCGAGCAACATCAAGCGGGCACATAGAATTCCCGAGGGTG	42		
0	n115	4	293	2.525018e-23	9.900000e+01	0	50	0	0	50	4	50	0	0	Yes	ATCCCGTCCTCCTCGGGAGAGGCATTCGGGGTCCCGAGAGTACGCGAAGCAACATCAAGCGGGCACATAGATTCCCGAGGGTGTATGCGCAGAGGATCTC	100		
0	n116	27	293	2.525018e-23	9.900000e+01	0	50	0	0	50	27	50	0	0	Yes	AGATAACATCGTGGGTCCATACGCGACGCTAATCAA	36		
0	n117	3	293	2.525018e-23	9.900000e+01	0	50	0	0	50	3	50	0	0	Yes	ATTCGGGTCCCGAGAGTACGCGAGCAACATTAAGCGGGCACATAGAATTCCCGAGGGTGTA	61		
0	n118	4	293	2.525018e-23	9.900000e+01	0	50	0	0	50	4	50	0	0	Yes	AGCCGAGCATGTTAGTTGGTGTTCATGTTAACATTGTCGCATGTCCTCATTGCACCCACCG	61		
0	n119	7	-1	NA	NA	NA	NA	NA	6	50	1	50	0	0	No	CCATATCGGTTTGGATTGGCCCTAAGTCTCTGGCGGACGAACTGAACAGCCGTAATTGATGAGGACATGCTTCCCTCTC	79		
0	n120	7	-1	NA	NA	NA	NA	NA	6	50	1	50	0	0	No	ACGAGACGAGCTGGTATTGCTGTGGTATTTAACAGGCTGACCGAATAAATGCAACAGAAAGCCTGCATCTC	71		
0	n121	36	-1	NA	NA	NA	NA	NA	14	50	22	50	0	0	No	TTTTAACAGGCTGACCGATAAATGCAACAGAAAGC	35		
0	n122	13	-1	NA	NA	NA	NA	NA	8	50	5	50	0	0	No	TATTGCTGTGGTATTTTAACAGGCTGACCGGTAAATGCAACAGAAAGCCTGCATCTC	57		
0	n123	8	293	2.525018e-23	9.900000e+01	0	50	0	0	50	8	50	0	0	Yes	ATAACAGGTGTATTGGTGACCACCAGCATTCAT	33		
0	n124	8	293	2.525018e-23	9.900000e+01	0	50	0	0	50	8	50	0	0	Yes	ATAACAGGTGTATTGGTGACCACCAGCATTGCATGAGTCGTCCAGGTCTGCTCATGATCGGTAGTGGTGATGAACCATTGCC	82		
0	n125	1	293	2.525018e-23	9.900000e+01	0	50	0	0	50	1	50	0	0	Yes	CAGCATTCATGAGTCGACCAGGTCTGCCATATCGGTAGTGGTGCATGAACCAATGCCTCAGCCTCGGGAAGACTGCACCACTT	83		
0	n126	3	293	2.525018e-23	9.900000e+01	0	50	0	0	50	3	50	0	0	Yes	GTAGTGGTGATGAACCATTGCCTCAGCCTCAGGGAAGACTGCACCACTTCAGTAGCTAGTATTGCAAGCGACGCCCGCCGC	81		
0	n127	3	293	2.525018e-23	9.900000e+01	0	50	0	0	50	3	50	0	0	Yes	TCGACCAGGTCTGCCATGATCGGTAGTGGTAATGAACCATTGCCTCAGCCTCGGGAAAGACTGCAACACTTGTGTAGCTAGTATTGCCAGCGACACCCGCCGCGTGATTGATCGGAGAAGCAGAACCGGACGTCTCCCTATTTCCGG	147		
0	n128	38	293	2.525018e-23	9.900000e+01	0	50	0	0	50	38	50	0	0	Yes	TGAACCATTGCCTCAGCCTCGGGAAGACTGCACC	34		
0	n129	5	293	2.525018e-23	9.900000e+01	0	50	0	0	50	5	50	0	0	Yes	TCGGTAGTGGTGATGAACCATTGCCTCAGCTCGGGAAGACTGCACCACTCTGTAGCTAGTATTGCAACGACGCCCGCCGGGATTGATCGGAGAAAATCAGAACCGGACGTCTCCCTAATTTCCGGTGTCATGGGATTGGCTGGCTGAATATCGAGGTGAGACTCGGTCACCCCAGGCCGTCAAAGCACGAGCATGTTAGTTGGTGTTCATGTTACATTGTCGCATGTCCTGATTGACCCACCGGTAA	247		
0	n130	9	-1	NA	NA	NA	NA	NA	1	50	8	50	0	0	No	ACCACACGGACTAATCAATGCAATAAAGACCCTTTACTCAAGCCAACGCGGGGAGTCCAGCAGAGGTTGTAACCCCGCTAGATTAATTGCCATCTCTCTCCCAATTCAT	109		
0	n131	25	-1	NA	NA	NA	NA	NA	15	50	10	50	0	0	No	TAACCCCGCTCAGATTAATTGCCATCTCTCCCC	33		
0	n132	42	-1	NA	NA	NA	NA	NA	21	50	21	50	0	0	No	TAACCCCGCTCAGATTAATTGCCATCTCTCTC	32		
0	n133	9	-1	NA	NA	NA	NA	NA	7	50	2	50	0	0	No	AGCAGAGGTTGTAACCCCGCTCAGATTAATGCCATCTCTCTCCCAATTCATTCGCGATG	59		
0	n134	11	-1	NA	NA	NA	NA	NA	5	50	6	50	0	0	No	GTCCAGGGGCCTACTCCGTACCATATGCAACCCTCCAGAGCTGCAAGAATGATCTATAGC	60		
0	n135	13	293	2.525018e-23	9.900000e+01	0	50	0	0	50	13	50	0	0	Yes	ACGATGGTACTTGCAGAGGAGATGGACGGAACCCGTCGGTATTAGCGCTGAACTCCACAA	60		
0	n136	12	-1	NA	NA	NA	NA	NA	7	50	5	50	0	0	No	TTAATCTGAGCGGGGTTACAACCTCTGCTGCGACTCCACGCGTTGGCTTGAGTAAAGCGTC	61		
0	n137	12	-1	NA	NA	NA	NA	NA	6	50	6	50	0	0	No	CGGGGTTACAACCTCTGCTGGACTCCACGCTTGGCTTGACTAAAGCGTCTTTATTGCATTGATTAGTCCG	70		
0	n138	29	-1	NA	NA	NA	NA	NA	21	50	8	50	0	0	No	TTACAACCTCTGCTGGACTCCACGCGTTGGCTTGAGTAAAGCGTC	45		
0	n139	1	293	2.525018e-23	9.900000e+01	0	50	0	0	50	1	50	0	0	Yes	GCGAGAATAGAACGAGATCCTCTGCGCATAACCTCGGGAATTCTATGTGCCCGCTTGAAGTTGCTCGCGTACTCTCGGGACCCGAATGC	89		
0	n140	9	-1	NA	NA	NA	NA	NA	1	50	8	50	0	0	No	GAACCTGTTTTGCCCCATTCGGTTTGGATTAGGCCCTAAGTCTCCGGCGGACGAACTTAAC	61		
0	n141	11	-1	NA	NA	NA	NA	NA	5	50	6	50	0	0	No	GAACCTGTTTTGCCCCATTCGGTTTGGATTGGCCCTAAGTCTCCGGCG	48		
0	n142	9	-1	NA	NA	NA	NA	NA	7	50	2	50	0	0	No	CCCAGTGATGCAAGTGCATGAGCGAACCTGGTTTTGCCCCGTATCGGTTTGGATTGGCCCTAAGTCTCCGG	71		
0	n143	3	293	2.525018e-23	9.900000e+01	0	50	0	0	50	3	50	0	0	Yes	CCGCTTGATGTTGCTCGCGTACTCTCGGGAACCGAATGCCTCCCCCGAGGAGGACGGGATGGCGTGAGATGTTGACTTCGTTGATTGTGGAGT	93		
0	n144	40	-1	NA	NA	NA	NA	NA	22	50	18	50	0	0	No	AACCGCGTCGCTCTTTAAAAAGTATTCCTGC	31		
0	n145	3	293	2.525018e-23	9.900000e+01	0	50	0	0	50	3	50	0	0	Yes	ATGGTCCCACGGCCACCAAGCTTCGTGGAAGCTGCCATCTCATTGTCTTACGGCCAGCGAACTATAGAAAACTCACGTACGAAGTGAACCCTACACGAGCACATCAATCACTCCCCGTCATCCTAAGCAACTGCGAACCCTTGAGAGCATT	151		
0	n146	30	293	2.525018e-23	9.900000e+01	0	50	0	0	50	30	50	0	0	Yes	TGAATCCCGCTCGAACTATGCTACTAAAGATGACTAACGATGGTACTTGCAGAGG	55		
0	n147	3	293	2.525018e-23	9.900000e+01	0	50	0	0	50	3	50	0	0	Yes	TGAATCCCGCTCGAACTATGCTACTAAAGAGTGACTAACGATGGTACTTGCAGAGGGGTGGACGGACACCCGCGGTATTAGCGCTGAACTCCACAATCAACG	102		
0	n148	13	293	2.525018e-23	9.900000e+01	0	50	0	0	50	13	50	0	0	Yes	TTTTGAATCCCGCTCGAACTATGCTACTAAGATGACTAACGATGGTACTTGCAGAGGA	58		
0	n149	4	293	2.525018e-23	9.900000e+01	0	50	0	0	50	4	50	0	0	Yes	CAGTCTTCCCGAGGCTGAGGCAATGGTTCACACCAACTAGCTGATCATGGCAGACCTGGTCGACTCATGAAT	72		
0	n150	13	293	2.525018e-23	9.900000e+01	0	50	0	0	50	13	50	0	0	Yes	AACTCACGACGAAGTGAACCCTACACGAGCCACAACTCCCATCACTCCCCGTCAACCTAAGCAA	64		
0	n151	29	-1	NA	NA	NA	NA	NA	15	50	14	50	0	0	No	AACTCCGGCCAGTGCTATAGATCATTCTTGCA	32		
0	n152	19	-1	NA	NA	NA	NA	NA	11	50	8	50	0	0	No	AACTCGCCACTCTAGCGGCAACCGCGTTTCC	31		
0	n153	12	-1	NA	NA	NA	NA	NA	4	50	8	50	0	0	No	AACTCGCCACTCTAGCGGCAACCGCGTTTCTGAAATGGGTTGACGGCTGGGTTTAAAGAGCAGGACGGGCAG	72		
0	n154	5	293	2.525018e-23	9.900000e+01	0	50	0	0	50	5	50	0	0	Yes	ACGGCCACCAAGCTTCGTGGAACTGGCCATACTCATTGTCTTAGCGGCAGCGAACTATAGAAAACTCACGACGA	74		
0	n155	4	293	2.525018e-23	9.900000e+01	0	50	0	0	50	4	50	0	0	Yes	CGCTCAGCATGGTCCCACGGCCACCAAGCTGTCGTGGAACTGGCCATCTCATTGTCTTACTGGCAGCGAACTATAGAAAACTCACGACGAA	91		
0	n156	1	293	2.525018e-23	9.900000e+01	0	50	0	0	50	1	50	0	0	Yes	TGGAACTGGCCATCTCATTGTCTTACGGCACCGAACTATAGAAAACTCACGACGAAGTGAA	61		
0	n157	6	293	2.525018e-23	9.900000e+01	0	50	0	0	50	6	50	0	0	Yes	TGGAACTGGCCATCTCATTGTCTTACGGCAGCGAACTATA	40		
0	n158	3	293	2.525018e-23	9.900000e+01	0	50	0	0	50	3	50	0	0	Yes	CCAAGCTTCGTGGAACTGGCCATCTCATTGGTCTTACGGCAGCGAACTAATTGAAAACTCACGACGAAGTGAACCCTACACG	82		
0	n159	4	293	2.525018e-23	9.900000e+01	0	50	0	0	50	4	50	0	0	Yes	CTTGCAGAGGAGATGGACGGACACCCGTCGTTATTAGCGCTGAGCTCCACAATCAACGAAGATCACATCTCACCCCATCCCGTCCTCCTCGGGA	94		
0	n160	5	293	2.525018e-23	9.900000e+01	0	50	0	0	50	5	50	0	0	Yes	CTTTTTGATTCGCGAGAATAGAACGAGATCTCTGCGTATACACCCTCGGGAATTCTATGTGCCCGC	66		
0	n161	8	293	2.525018e-23	9.900000e+01	0	50	0	0	50	8	50	0	0	Yes	TCTTATTTGGGAGGTCCTCCTTTTTGATTCCGAGAATAGAACGAGTCCTCTGCGCATACACCCTCGGGAATTCTA	75		
0	n162	41	-1	NA	NA	NA	NA	NA	25	50	16	50	0	0	No	CCAACGCGTGGAGTCCAGCAGAGGTTGTAACCCCG	35		
0	n163	10	-1	NA	NA	NA	NA	NA	4	50	6	50	0	0	No	GCCAACGCGTGGCGTCCAGCAGAGGTTGTAACCCCGCTCAGAT	43		
0	n164	5	-1	NA	NA	NA	NA	NA	2	50	3	50	0	0	No	GCCAACGCGTGGCGTCCAGCAGAGGTTGTACCCCGCTCAGATTAATTGCCATCTCTCTC	59		
0	n165	43	-1	NA	NA	NA	NA	NA	21	50	22	50	0	0	No	AACGCGGTTGCCGCTAGAGTGGCGAGTTTTACA	33		
0	n166	13	293	2.525018e-23	9.900000e+01	0	50	0	0	50	13	50	0	0	Yes	GGTCGTTGGTTTGCCGGATGATCATGTCGCTAGAACGTATAGCGTAGAAAGTGTCATATTACGCAGGCGCGA	72		
0	n167	10	-1	NA	NA	NA	NA	NA	4	50	6	50	0	0	No	ACGGACAACGGATGGAGACTGGCGAGCGTGCTGGAGACAGGTATAATATGGATGAGAGGTCAGAAGAAGGGCTGGAAGCCAGAATGTACGGAACTCACCTTGTTATATCC	110		
0	n168	12	-1	NA	NA	NA	NA	NA	6	50	6	50	0	0	No	ACGGACAACGGATGGAGACTGGCGAGCGTGGTGGAGACA	39		
0	n169	13	-1	NA	NA	NA	NA	NA	8	50	5	50	0	0	No	AGTGACGGACAACGGATGGAGACTGGCGAGGTGGTGGAGACAGGTATAATATGGGGGAGAGGGTACAGAAGAAGGGCTGGAAGCTAGAATG	91		
0	n170	12	-1	NA	NA	NA	NA	NA	6	50	6	50	0	0	No	AAGTCTCACTTGGCTACAGTACAAGGCCAATAAAAGTGACGGACAACGGATGGAGACTGGC	61		
0	n171	10	-1	NA	NA	NA	NA	NA	4	50	6	50	0	0	No	CGTCTATACGGCCGTTCAGTGTCGCCCACAATAAAGACATCATGGAATTAGATGTCCCAG	60		
0	n172	14	293	2.525018e-23	9.900000e+01	0	50	0	0	50	14	50	0	0	Yes	AATAAGATAACATCGTGGGTCCATACGCGACGCT	34		
0	n173	25	293	2.525018e-23	9.900000e+01	0	50	0	0	50	25	50	0	0	Yes	AATACACCTGTTATTTTGAATCCCGCTCGAAC	32		
0	n174	4	293	2.525018e-23	9.900000e+01	0	50	0	0	50	4	50	0	0	Yes	AATACACCTGTTATTTTGAATCCCGCTCGACTATGCTACTAAAAGATGACTAACGATGGTACTTGCAGAGG	71		
0	n175	12	-1	NA	NA	NA	NA	NA	7	50	5	50	0	0	No	AAAATACCACAGCAATACCAGCTCGTCTCGATAAACTCCATTGGTGATGTGGGGAAATAT	60		
0	n176	45	-1	NA	NA	NA	NA	NA	18	50	27	50	0	0	No	CAATACCAGCTCGTCTCGTATAAACTCCATTGG	33		
0	n177	13	293	2.525018e-23	9.900000e+01	0	50	0	0	50	13	50	0	0	Yes	ATCACGCGGCGGGCGTCGCTTGCAATACTACCTACGATAGTGGTGCAGTCTTCCCGAGGCTGAGGCAA	68		
0	n178	1	293	2.525018e-23	9.900000e+01	0	50	0	0	50	1	50	0	0	Yes	CGTCGCTTGCAATACTAGCTACAGAAGTGGTGCAGTCTTCC	41		
0	n179	8	293	2.525018e-23	9.900000e+01	0	50	0	0	50	8	50	0	0	Yes	CGTCGCTTGCAATACTAGCTACAGAAGTGGGTGCAGTCTTCCCGAGGCTGAGGCAATGG	59		
0	n180	3	293	2.525018e-23	9.900000e+01	0	50	0	0	50	3	50	0	0	Yes	GGCTTTGACGGCCTGGGGTGATCGAGTCTCCTCGAATACTCAGCCAGACAATCCCATGACACCGGAAAT	69		
0	n181	3	293	2.525018e-23	9.900000e+01	0	50	0	0	50	3	50	0	0	Yes	TCAATCACGCGGCGGGCGTCGCTTGCAATATAGCTACAGAAGTGGTGCAGTCTTCCCGAG	60		
0	n182	4	293	2.525018e-23	9.900000e+01	0	50	0	0	50	4	50	0	0	Yes	GGCATTCGGGTCCCGAGAGTACGCGAGCAATATCAAGCGGGACATAGAATTCCCGAGGGTGTATGCGCAGA	71		
0	n183	13	293	2.525018e-23	9.900000e+01	0	50	0	0	50	13	50	0	0	Yes	TGTCTGGCTGAATATCGAGTGAGACTCGATAACCCAAGGCCGTCAAAGCCGAGCATGTTAGTTGGT	66		
0	n184	4	293	2.525018e-23	9.900000e+01	0	50	0	0	50	4	50	0	0	Yes	TGAATATCGAGTGAGACTCGATCACCCCAGCCCGTCAAAGCCGAGCATGTTAGTTGGTGTT	61		
0	n185	14	293	2.525018e-23	9.900000e+01	0	50	0	0	50	14	50	0	0	Yes	AATATCGAGTGAGACTCGATCACCCCAGGCCGTCAAAGCC	40		
0	n186	4	293	2.525018e-23	9.900000e+01	0	50	0	0	50	4	50	0	0	Yes	GAATATCGAGTGAGACTCGATCACCCCAGGGCCGTCAAAGCCGAGCATGTTAGTTG	56		
0	n187	4	293	2.525018e-23	9.900000e+01	0	50	0	0	50	4	50	0	0	Yes	TTGTCTGGCTGAATATCGAGTGAGACTCGAGTCACCCCAGGCCGTCAAAGCCGAGCATGTT	61		
0	n188	12	-1	NA	NA	NA	NA	NA	6	50	6	50	0	0	No	GAGCGTGGTGGAGACAGGTATAATATGGAGAGAGGTACAGAAGAAGGGCTGGAAGCTAG	59		
0	n189	3	293	2.525018e-23	9.900000e+01	0	50	0	0	50	3	50	0	0	Yes	CTTCGTTGATTGTGGAGTTCAGCGCTAATAGCGACGGGTGTCCGTCCATCTCCTCTGCAAG	61		
0	n190	21	293	2.525018e-23	9.900000e+01	0	50	0	0	50	21	50	0	0	Yes	GAATCAAAAAGGAGGACCTCCCAAATAAGATA	32		
0	n191	21	293	2.525018e-23	9.900000e+01	0	50	0	0	50	21	50	0	0	Yes	TAATCAATTTATAGAAAATCTCTCGCTCGCTCAGCATGGT	40		
0	n192	3	293	2.525018e-23	9.900000e+01	0	50	0	0	50	3	50	0	0	Yes	AGAGGATCTCGTTCTATTCTCGCGAATCAAGAAGGAGGACCTCCCCAATAAGATAACATCGTGGGTCCATACGCGA	76		
0	n193	3	293	2.525018e-23	9.900000e+01	0	50	0	0	50	3	50	0	0	Yes	CGTCCGGTTCTGCTTTCTCCGATCAATCACAGCGGCGGGCGTCGCTTGCAATACTAGCTAC	61		
0	n194	22	293	2.525018e-23	9.900000e+01	0	50	0	0	50	22	50	0	0	Yes	TCAATCACGCGGCGGGCGTCGCTTGCAATACTA	33		
0	n195	4	293	2.525018e-23	9.900000e+01	0	50	0	0	50	4	50	0	0	Yes	CGATCAATCACGCGGCGGGCGTCGCTTGCATACTAGCTACAGAAGTGGTGCAGTCTTCC	59		
0	n196	4	293	2.525018e-23	9.900000e+01	0	50	0	0	50	4	50	0	0	Yes	ACGTCCGGTTCTGCTTTCTCCGATCAATCAGCGGCGGGCGTCGCTTGAATTACTAGCTACAGAAGATGGTGCAGTCTTCCCGAGGCTGAGGCAATG	96		
0	n197	8	293	2.525018e-23	9.900000e+01	0	50	0	0	50	8	50	0	0	Yes	GGTGATCGAGTCTCACTCGATATTCAGCCAAGACAATCCCATGACACCGAAAATAGGGAGACGTCCGGTTCTGCTTTCTTCGATCAATCACGCGGCGGGCGTCGCTTGCA	110		
0	n198	15	293	2.525018e-23	9.900000e+01	0	50	0	0	50	15	50	0	0	Yes	CAATCCCATGACACCGGAAATAGGGAGACGTCC	33		
0	n199	48	-1	NA	NA	NA	NA	NA	26	50	22	50	0	0	No	AATCTAGCCGATCGCATAATATGGCTCAATGGTGCC	36		
0	n200	5	-1	NA	NA	NA	NA	NA	2	50	3	50	0	0	No	CAATCTAGCCGATCGCATAATATGGCTCAAGGGTGCCACGGGAATGTTCCCTATAAAATGG	61		
0	n201	12	-1	NA	NA	NA	NA	NA	6	50	6	50	0	0	No	TACAATCTAGCCGATCGCATAATATGGCTCCAATGGTGCCACGGGAATGTTCCCTATAAA	60		
0	n202	13	-1	NA	NA	NA	NA	NA	8	50	5	50	0	0	No	CCAATTCATTCGCGATGTACAATCTAGCCGCATCGCATAAGTATGCTCAATGGTGCCACGGGAATGTTCCCTAT	74		
0	n203	4	293	2.525018e-23	9.900000e+01	0	50	0	0	50	4	50	0	0	Yes	CATATTACGCAGGCGCGACCGCACTAGTCAATCTCACTATCTTACAGGTATGCATTCTATCATTCACAGATCGCAGTCCGAGCCCTACGCATACGGCCCCGGAGCTAACGTGTTGCACTCGGGT	124		
0	n204	63	-1	NA	NA	NA	NA	NA	35	50	28	50	0	0	No	AATCTGAGCGGGGTTACAACCTCTGCTGGAC	31		
0	n205	67	-1	NA	NA	NA	NA	NA	36	50	31	50	0	0	No	GAGAGATGGCAATTAATCTGAGCGGGGTTACAACCTCTGCT	41		
0	n206	49	-1	NA	NA	NA	NA	NA	21	50	28	50	0	0	No	CATCAATTACGGTTGTTAAGTTCGTCCGCCGGAGAC	36		
0	n207	58	-1	NA	NA	NA	NA	NA	28	50	30	50	0	0	No	CATGGAATTAGATGTCCCAGGTGACCTTCAGCGACT	36		
0	n208	68	-1	NA	NA	NA	NA	NA	32	50	36	50	0	0	No	CCAATTCATTCGCGATGTACAATCTAGCCGATCG	34		
0	n209	29	-1	NA	NA	NA	NA	NA	13	50	16	50	0	0	No	ATCTAATTCCATGATGTCTTTATGTGGGCGACACTGAA	38		
0	n210	11	-1	NA	NA	NA	NA	NA	5	50	6	50	0	0	No	ATCTAATTCCATGATGTCTTTATGTGGGCGCACACTGAACGGCCGTATAGACTGATTTTGCGCAAGAGTTTCGCTGAAGGGT	82		
0	n211	3	293	2.525018e-23	9.900000e+01	0	50	0	0	50	3	50	0	0	Yes	GCGGGCACATAGAATTCCCGAGGGTGTATAGCGCAGAGGATCTCGTTCTATTCTCGCGATCAAAAAGGAGGACCTCCCAAATAAGATA	88		
0	n212	23	293	2.525018e-23	9.900000e+01	0	50	0	0	50	23	50	0	0	Yes	TAGAATTCCCGAGGGTGTATGCGCAGAGGATCTC	34		
0	n213	5	-1	NA	NA	NA	NA	NA	2	50	3	50	0	0	No	GTACTGTAGCCAAGTGAGACTTAATTTCAAGAACTCCGGCCAGTGCTATAGATCATTCTTG	61		
0	n214	1	293	2.525018e-23	9.900000e+01	0	50	0	0	50	1	50	0	0	Yes	ATGGCAGACCTGGTCGACTCATGAATGCTGTGGTCACCAATACACCTGTAATTTTGAATCCCGCTCGAACTATGCTACTA	80		
0	n215	12	-1	NA	NA	NA	NA	NA	7	50	5	50	0	0	No	CCCCGCTCAGATTAATTGCCATCTCTCCCCAATTCATTCGCGATGTACAATCTAGC	56		
0	n216	13	-1	NA	NA	NA	NA	NA	8	50	5	50	0	0	No	CCCCGCTCAGATTAATTGCCATCTCTCCCCCAATTCATTCGCGATGTACAATCTAGC	57		
0	n217	47	-1	NA	NA	NA	NA	NA	18	50	29	50	0	0	No	TAATTGCCATCTCTCTCCCAATTCATTCGCGATG	34		
0	n218	35	-1	NA	NA	NA	NA	NA	19	50	16	50	0	0	No	ATGAATTGGGAGAGAGATGGCAATTAATCTGAGCGG	36		
0	n219	44	-1	NA	NA	NA	NA	NA	20	50	24	50	0	0	No	CGAATGAATTGGGAGAGAGATGGCAATTAATCT	33		
0	n220	6	293	2.525018e-23	9.900000e+01	0	50	0	0	50	6	50	0	0	Yes	CAGTATGCGTAGGGCTCGGACTGCGATCTCCGAATGATAGAATGATACCCGTAGATAGTGAGATGACTAGTGCGGTCGCG	80		
0	n221	26	293	2.525018e-23	9.900000e+01	0	50	0	0	50	26	50	0	0	Yes	GATCTCTGAATGATAGAATGATACCTGTAGATAGTGAGATGACTAGTGCGGTCG	54		
0	n222	1	293	2.525018e-23	9.900000e+01	0	50	0	0	50	1	50	0	0	Yes	GATCTCTGAATGATAGAATGATACCTGTAGTAGTGAGATGACTAGTGCGGTCGCGCCTGC	60		
0	n223	9	293	2.525018e-23	9.900000e+01	0	50	0	0	50	9	50	0	0	Yes	CAATGAGATGGCCAGTTCCACGAAGCTTGGTGGCCGT	37		
0	n224	17	293	2.525018e-23	9.900000e+01	0	50	0	0	50	17	50	0	0	Yes	GGTGGGTGCAATGAGGACATGCGACAATGGTAACATGAAC	40		
0	n225	3	293	2.525018e-23	9.900000e+01	0	50	0	0	50	3	50	0	0	Yes	CTCGCGTACTCTCGGGACCCGAATGCCTCTTCCCGGAGGAGGACGGGATGGGGTGAGATGTTGAC	65		
0	n226	12	293	2.525018e-23	9.900000e+01	0	50	0	0	50	12	50	0	0	Yes	GGCAATGGTTCATCACCACTACCGATCATGGCAGACCTGGTC	42		
0	n227	5	293	2.525018e-23	9.900000e+01	0	50	0	0	50	5	50	0	0	Yes	GAGGCAATGGTTCATCACCACTACCGATCAGGCAGACCTGGTCGACTCATGAATGCTGGT	60		
0	n228	4	293	2.525018e-23	9.900000e+01	0	50	0	0	50	4	50	0	0	Yes	GTCTTCCCGAGGCTGAGGCAATGGTTCATCCCACTACCGATCATGGCAGACCTGGTCGAC	60		
0	n229	9	-1	NA	NA	NA	NA	NA	1	50	8	50	0	0	No	AATGGGGCAAAACAGGTTCGCTCATGCACTT	31		
0	n230	12	-1	NA	NA	NA	NA	NA	7	50	5	50	0	0	No	GGAGACAGGTATAATATGGAGGAGAGGTACGAAGAAGGGCTGGAAGCTAGAATGTCACGGAACTCACCTTGTTATACCGGTACTGTTTAGCGGTATATCCCGAGAG	106		
0	n231	6	293	2.525018e-23	9.900000e+01	0	50	0	0	50	6	50	0	0	Yes	GCCGTAAGACAATGAGATGGCCAGTTCCACGAAGCTTGG	39		
0	n232	7	260	1.148478e-18	7.778571e+01	6	50	0	6	50	1	50	0	0	Yes	AACTGTTGCAATAGTTTGCTGTTAAGACGAAGTAAGGCTTACCGGTGGGTGCAATGAGGAA	61		
0	n233	8	293	2.525018e-23	9.900000e+01	0	50	0	0	50	8	50	0	0	Yes	GGCTTACCGGTGGGTGCAAGAGGACATGCGACAATGGTAACATGAACAC	49		
0	n234	15	-1	NA	NA	NA	NA	NA	6	50	9	50	0	0	No	AAGCCAACGCGTGGCGTCCAGCAGAGGTTGTA	32		
0	n235	12	-1	NA	NA	NA	NA	NA	4	50	8	50	0	0	No	TGCTCTGTCCAGGGGCCTACTCCGTACCATTATGCAAGCCTCCAGAGCCATGCAAGAATGATCTATAGCACTGGCCGGAG	80		
0	n236	15	-1	NA	NA	NA	NA	NA	6	50	9	50	0	0	No	GGGGCCTACTCCGTACCATATGCAAGCCTCCAGAGCTGCAAGAATGATCTATAGC	55		
0	n237	20	293	2.525018e-23	9.900000e+01	0	50	0	0	50	20	50	0	0	Yes	AAGCGACGCCCGCCGCGTGATTGATCGGAGAAAGCAGAACCGGACG	46		
0	n238	32	293	2.525018e-23	9.900000e+01	0	50	0	0	50	32	50	0	0	Yes	AAGCGGGCACATAGAATTCCCGAGGGTGTAT	31		
0	n239	6	293	2.525018e-23	9.900000e+01	0	50	0	0	50	6	50	0	0	Yes	TCAAGCGGGCACATAGAATTCCCGAGGGTGGTATGCGCAGAGGATTACGTTCTATTCTCGCGAATCAAAAAGGAGGA	77		
0	n240	54	-1	NA	NA	NA	NA	NA	29	50	25	50	0	0	No	AAGTCTCACTTGGCTACAGTACAAGGCCAAAAA	33		
0	n241	58	-1	NA	NA	NA	NA	NA	28	50	30	50	0	0	No	CCTAAGTCTCCGGCGGACGAACTTAACAACCGTAA	35		
0	n242	10	-1	NA	NA	NA	NA	NA	4	50	6	50	0	0	No	AGAGGGAAGCATGTCCTCATCAATTACGGTGTGTTAAGTTCGTCCGCCGGAGACCTAGGGCCAATCCAAACCGATATGGGGCAAA	85		
0	n243	12	-1	NA	NA	NA	NA	NA	6	50	6	50	0	0	No	GTTGTTAAGTTCGTCCGCCGGAGACTTAGGCCAATCCAAACCGATATGGGGCAAAACA	58		
0	n244	37	-1	NA	NA	NA	NA	NA	21	50	16	50	0	0	No	GTTAAGTTCGTCCGCCGGAGACTTAGGGCCAATCCAAACCGA	42		
0	n245	57	-1	NA	NA	NA	NA	NA	33	50	24	50	0	0	No	GCCAAGTGAGACTTAATTTCAACAACTCCGGCCAGTG	37		
0	n246	25	-1	NA	NA	NA	NA	NA	16	50	9	50	0	0	No	AAGTGCATGAGCGAACCTGTTTTGCCCCATA	31		
0	n247	14	293	2.525018e-23	9.900000e+01	0	50	0	0	50	14	50	0	0	Yes	AAGGAGGACCTCCCAAATAAGATAACATCGTGG	33		
0	n248	20	-1	NA	NA	NA	NA	NA	14	50	6	50	0	0	No	CAAGGCCAAAAAAGTGACGGACAACGGATGGAG	33		
0	n249	3	293	2.525018e-23	9.900000e+01	0	50	0	0	50	3	50	0	0	Yes	TGTAAGGCTTACAGGTGGGTGCAATGAGGACATGCGACAATGG	43		
0	n250	16	293	2.525018e-23	9.900000e+01	0	50	0	0	50	16	50	0	0	Yes	AAGGCTTACCGGTGGGTGCAATGAGGACATGCGAC	35		
0	n251	5	293	2.525018e-23	9.900000e+01	0	50	0	0	50	5	50	0	0	Yes	TGTAAGGCTTACCGGTGGGTGCAAGAGGACATGCG	35		
0	n252	2	293	2.525018e-23	9.900000e+01	0	50	0	0	50	2	50	0	0	Yes	GTAAGGCTTTACCGGTGGGTGCAATGAGGACATGCGAC	38		
0	n253	3	293	2.525018e-23	9.900000e+01	0	50	0	0	50	3	50	0	0	Yes	CTCGGGTGAGAGGGGAAGTAGGTCGAAATGGCTCTCAAGGGTTCGCAGTGCTTTGGTTGACAGGGAGTGATGGGAGTGTGCTCGTGTAGGGT	92		
0	n254	8	293	2.525018e-23	9.900000e+01	0	50	0	0	50	8	50	0	0	Yes	GGCCCCGGAGCTAACGTGTTGCACTCGGGTAAGAGGGGAAGTTGGTCGAAATGCTCTCAAGGGTTGCAGTTGCTTAGGTTGACGGGGAGTGATGG	95		
0	n255	12	293	2.525018e-23	9.900000e+01	0	50	0	0	50	12	50	0	0	Yes	GCCAGACAATCCCATGACACCGGAAATAGGGAGACG	36		
0	n256	46	-1	NA	NA	NA	NA	NA	22	50	24	50	0	0	No	TACAATCTAGCCGATCGCATAATATGGCTCAA	32		
0	n257	4	293	2.525018e-23	9.900000e+01	0	50	0	0	50	4	50	0	0	Yes	CTACGGCCACCAAGCTTCGTGGAACTGGCCGATCTCATTGTCTTACGGCGGCGAACTATAGACAACTCACGACGAAGTGAACCCACACGACACACTCCCATCACTCCCCGTCAACCTAAG	120		
0	n258	5	-1	NA	NA	NA	NA	NA	2	50	3	50	0	0	No	GGAAACGCGGTTGCCGCTAGAGTGGCGAGTCTTTACAGTACACCCAAGTGATGCAAGTGCATGAGCGAACCT	72		
0	n259	10	-1	NA	NA	NA	NA	NA	4	50	6	50	0	0	No	TAGAGTGGCGAGTTTTACAGAACACCCAGTTGATGCAAGTGCATGAGCTAACCTGTTTTGCCCCATATCGGTTTGGATT	79		
0	n260	29	-1	NA	NA	NA	NA	NA	21	50	8	50	0	0	No	AACACCCAGTGATGCAAGTGCATGAGCGAACCTG	34		
0	n261	29	293	2.525018e-23	9.900000e+01	0	50	0	0	50	29	50	0	0	Yes	TACACCCTCGGGAATTCTATGTGCCCGCTTGA	32		
0	n262	6	293	2.525018e-23	9.900000e+01	0	50	0	0	50	6	50	0	0	Yes	TCACCACTACCGATCATGGCAGACCTGGTCACTCGATGAATGCTAGTGGTCACCAATACACCTGTATTTATGAATCCCGCTCGAACTATGCTACTAAAGA	100		
0	n263	3	293	2.525018e-23	9.900000e+01	0	50	0	0	50	3	50	0	0	Yes	ATGAATGCTGGTGGTCACCAATACACCTGTATTTTGAATCCCGCTCGAACTATGCTACT	59		
0	n264	30	293	2.525018e-23	9.900000e+01	0	50	0	0	50	30	50	0	0	Yes	TACACCTGTTATTTTGAATCCCGCTCGAACTAT	33		
0	n265	20	293	2.525018e-23	9.900000e+01	0	50	0	0	50	20	50	0	0	Yes	ACACTCCCATCACTCCCCGTCAACCTAAGCAA	32		
0	n266	5	293	2.525018e-23	9.900000e+01	0	50	0	0	50	5	50	0	0	Yes	GAAGTGAACCCTACACGAGCACACTCCCATGACTCCACGTCAACCTAAGCAACTGCGAACCCTTGAG	67		
0	n267	1	293	2.525018e-23	9.900000e+01	0	50	0	0	50	1	50	0	0	Yes	ATGACTAGTGCGGTCGCGCCTGCGTAATATACACTTTCTACGTTATAGTTCTGGCGACATGATCATCCGGCAA	73		
0	n268	1	293	2.525018e-23	9.900000e+01	0	50	0	0	50	1	50	0	0	Yes	AAACTCACGACGAAGTGAACCCTACACGAGACACTCCCATCACTCCCCGTCAACCTAAGC	60		
0	n269	7	293	2.525018e-23	9.900000e+01	0	50	0	0	50	7	50	0	0	Yes	ACCCTACACGAGCACACTCCCATCACTCCCCGTCAA	36		
0	n270	6	293	2.525018e-23	9.900000e+01	0	50	0	0	50	6	50	0	0	Yes	TCACGACGAAGTGAACCCTACACGAGCACAGTCCCATCACTCCCCGTCAACCTAAGCAACT	61		
0	n271	40	-1	NA	NA	NA	NA	NA	18	50	22	50	0	0	No	CGCCCACATAAAGACATCATGGAATTAGATGTCCCA	36		
0	n272	28	293	2.525018e-23	9.900000e+01	0	50	0	0	50	28	50	0	0	Yes	ACATAGAATTCCCGAGGGTGTATGCGCAGAG	31		
0	n273	24	-1	NA	NA	NA	NA	NA	7	50	17	50	0	0	No	ATATTTCCCCACATCACCAATGGAGTTTATACGAGACGAGC	41		
0	n274	6	293	2.525018e-23	9.900000e+01	0	50	0	0	50	6	50	0	0	Yes	ACTCCACAATCAACGAAGTCAACATCTCACTCTCCATCCCGTCCTCCTCGGGAGAGGCATTCG	63		
0	n275	56	-1	NA	NA	NA	NA	NA	25	50	31	50	0	0	No	GGCTAGATTGTACATCGCGAATGAATTGGGAGAGAGATGGCA	42		
0	n276	36	-1	NA	NA	NA	NA	NA	19	50	17	50	0	0	No	AACATTCCCGTGGCACCATTGAGCCATATTATGCGATCGGC	41		
0	n277	12	-1	NA	NA	NA	NA	NA	7	50	5	50	0	0	No	AGAGCACCCATTTTATAGGGAACATTCCCGGGCACCATTGAGCCATATTATGCGATCGGC	60		
0	n278	12	-1	NA	NA	NA	NA	NA	4	50	8	50	0	0	No	CAAGGTGAGTTCCGTACATTCTAGCTTCCACCCTTCTTCTGTACCTCTCCTCCATATTAT	60		
0	n279	7	-1	NA	NA	NA	NA	NA	6	50	1	50	0	0	No	TTGATGAGGACATGCTTCCCTCTCGGGATACACACGCTAAACAGTACCGGATATACAAGGTAGAGTTCCGTACATTCTAGCTTCCAGCCCTT	92		
0	n280	12	-1	NA	NA	NA	NA	NA	4	50	8	50	0	0	No	GAGGACATGCTTCCCTCTCGGGATATACCGATAAACAGTACCGGATATAACAAGGTGAGTT	61		
0	n281	43	-1	NA	NA	NA	NA	NA	24	50	19	50	0	0	No	GAGGACATGCTTCCCTCTCGGGATATACCGCTAAACA	37		
0	n282	8	293	2.525018e-23	9.900000e+01	0	50	0	0	50	8	50	0	0	Yes	ACATGCGACAATGGTAACATGAACACCAACCAACATGCTCGGCTTTGACGGCCTGGGGTGA	61		
0	n283	19	293	2.525018e-23	9.900000e+01	0	50	0	0	50	19	50	0	0	Yes	ACATGCGACAATGGTAACATGAACACCAACTA	32		
0	n284	1	293	2.525018e-23	9.900000e+01	0	50	0	0	50	1	50	0	0	Yes	ATGAGGACATGCGACAATGGTAACATGAACCACAACTAACATGCTCGGCTTTGACGGCCCTG	62		
0	n285	13	293	2.525018e-23	9.900000e+01	0	50	0	0	50	13	50	0	0	Yes	ATCGAGTCTCACTCGATATTCAGCCAGACAGTCCCATGACACCGGAAATAGGGAGACGTCC	61		
0	n286	66	-1	NA	NA	NA	NA	NA	36	50	30	50	0	0	No	ACAGTTTGGAAAATCCTGCGCGGAGGCTCCGGGAC	35		
0	n287	27	293	2.525018e-23	9.900000e+01	0	50	0	0	50	27	50	0	0	Yes	CTACAGGTATCATTCTATCATTCAGAGATCGCAGTCCGAGCC	42		
0	n288	9	-1	NA	NA	NA	NA	NA	7	50	2	50	0	0	No	GAGCTGGTATTGCTGTGGTATTTTAACAGGGCTGACCGATAAATGCAACACAAAGCCTGCATCTC	65		
0	n289	29	293	2.525018e-23	9.900000e+01	0	50	0	0	50	29	50	0	0	Yes	GGTCACCAATACACCTGTTATTTTGAATCCCGCTCGA	37		
0	n290	36	-1	NA	NA	NA	NA	NA	11	50	25	50	0	0	No	CATCACCAATGGAGTTTATACGAGACGAGCTGGTA	35		
0	n291	19	293	2.525018e-23	9.900000e+01	0	50	0	0	50	19	50	0	0	Yes	ATTGGTGACCACCAGCATTCATGAGTCGACCAGGTCTGCC	40		
0	n292	9	293	2.525018e-23	9.900000e+01	0	50	0	0	50	9	50	0	0	Yes	ACCACTACCGATCATGGCAGACCTGGTCGAC	31		
0	n293	14	293	2.525018e-23	9.900000e+01	0	50	0	0	50	14	50	0	0	Yes	ACCAGCATTCATGAGTCGACCAGGTCTGCCAT	32		
0	n294	18	293	2.525018e-23	9.900000e+01	0	50	0	0	50	18	50	0	0	Yes	TATGGACCCACGATGTTATCTTATTTGGGAGGTCCTC	37		
0	n295	8	293	2.525018e-23	9.900000e+01	0	50	0	0	50	8	50	0	0	Yes	ACCCCTGTAGAGTTCGAGCGAAGCGAGCCCCTGCG	35		
0	n296	15	293	2.525018e-23	9.900000e+01	0	50	0	0	50	15	50	0	0	Yes	ACCCCTGTAGAGTTCGAGCGAAGCGAGCCCTGCG	34		
0	n297	47	-1	NA	NA	NA	NA	NA	23	50	24	50	0	0	No	ACCCCGCTCAGATTAATTGCCATCTCTCTCCCA	33		
0	n298	8	293	2.525018e-23	9.900000e+01	0	50	0	0	50	8	50	0	0	Yes	CAGCGAACTATAGAAAACTCACGACGAAGTAACCCTATCACGAGCACACTCCCATCACTCCCCGTCAA	68		
0	n299	3	293	2.525018e-23	9.900000e+01	0	50	0	0	50	3	50	0	0	Yes	CCGATCATGGCAGACCTGGTCGACTCATGATTGCTGGTGGTCACCAATACCCGTGTTATTTTGAATCCCGCTCGAACTATGCT	83		
0	n300	6	293	2.525018e-23	9.900000e+01	0	50	0	0	50	6	50	0	0	Yes	TGCGAACCCTTGAGAGCATTTCGACCTACTCCCCTCTCACCCGAGTGCAACCGTTAGCTCCGGGGCCAGTATGCGTAGGGC	81		
0	n301	3	293	2.525018e-23	9.900000e+01	0	50	0	0	50	3	50	0	0	Yes	CGACCTACTTCCCCTCTCACCCGAGTGCAAACGTTAGCTCTCGGGGCCAGTATGCGTAGGCTCGGACTGCGATCTCTGAATGATAGAA	88		
0	n302	16	293	2.525018e-23	9.900000e+01	0	50	0	0	50	16	50	0	0	Yes	CGACCTACTTCCCCTCTCACCCGAGTGCAACACGTTAGCTC	41		
0	n303	4	293	2.525018e-23	9.900000e+01	0	50	0	0	50	4	50	0	0	Yes	AGCATTTCGACCTACTTCCCCTCTCACCCGCAGTGCAACACGTTAGCTCCGGGGCCAGTAT	61		
0	n304	4	293	2.525018e-23	9.900000e+01	0	50	0	0	50	4	50	0	0	Yes	ACTGCGAACCCTTGAGAGCATTTCGACCTATTCCCTCTCACCCGAGTGCAACACGTTAGCTC	62		
0	n305	3	293	2.525018e-23	9.900000e+01	0	50	0	0	50	3	50	0	0	Yes	TTGATCGGAGAAAGCAGAACCGGACGTCTCACCTATTTCCGGTGTCATGGGATTGTCTGGC	61		
0	n306	33	-1	NA	NA	NA	NA	NA	17	50	16	50	0	0	No	TACCTGTCTCCACCACGCTCGCCAGTCTCCATC	33		
0	n307	5	-1	NA	NA	NA	NA	NA	2	50	3	50	0	0	No	ATACCTGTCTCCACCACGCTCGCCAGTCTCGCATCCGTTGTCCGTCACTTTTTTGGCCTTG	61		
0	n308	33	293	2.525018e-23	9.900000e+01	0	50	0	0	50	33	50	0	0	Yes	ACCTGTTATTTTGAATCCCGCTCGAACTATGCT	33		
0	n309	60	-1	NA	NA	NA	NA	NA	24	50	36	50	0	0	No	GGCTGACCGATAAATGCAACAGAAAGCCTGCATCTC	36		
0	n310	13	293	2.525018e-23	9.900000e+01	0	50	0	0	50	13	50	0	0	Yes	CCACTACCGATCATGGCAGACCTGGTCGACTCATGA	36		
0	n311	13	293	2.525018e-23	9.900000e+01	0	50	0	0	50	13	50	0	0	Yes	GCGACCGCACTAGTCATCTCACTATCTACACGGTATGATTCTATCATTCAGAGATCGAGTCCGAGCCCTACGCATACTGGCCCCCGGAGCTAACGTGTTGCACTCGGGTGA	111		
0	n312	9	-1	NA	NA	NA	NA	NA	7	50	2	50	0	0	No	CTCCCCGGTTTATCTGGGCCCCTCGGTTAATAAACCGCCTCGCTCTTTAAAAAGTACTCTCTGCCCGTCCTGCTCTTTAAACCCAGCCGT	90		
0	n313	27	293	2.525018e-23	9.900000e+01	0	50	0	0	50	27	50	0	0	Yes	AAGCAGAACCGGACGTCTCCCTATTTCCGGTGTCATGGGA	40		
0	n314	10	293	2.525018e-23	9.900000e+01	0	50	0	0	50	10	50	0	0	Yes	TTACCGGTGGGTGCAATGAGGAATGCGACAATGGT	35		
0	n315	18	293	2.525018e-23	9.900000e+01	0	50	0	0	50	18	50	0	0	Yes	TTACCGGTGGGTGCAATGAGGACATGCGACAATG	34		
0	n316	13	-1	NA	NA	NA	NA	NA	8	50	5	50	0	0	No	GATAAACCGGGGAGACCCTTCAGCGAAACTAAGCGCAAAATCCACGTCTGTACGGCCGTTCAGTGTCGCCCACATAAAGA	80		
0	n317	15	293	2.525018e-23	9.900000e+01	0	50	0	0	50	15	50	0	0	Yes	ACTATACGTAGAAAGTGTCATATTACGCAGG	31		
0	n318	8	293	2.525018e-23	9.900000e+01	0	50	0	0	50	8	50	0	0	Yes	CCGGATGATCATGTGCCAGAACTATACGTAGTAAAGTGTCATATTACGCAGGCGCGACCGCA	62		
0	n319	6	293	2.525018e-23	9.900000e+01	0	50	0	0	50	6	50	0	0	Yes	TCGTGTAGGGTTCACTTCGTCGTGAGTTTTACTATAGTTCGCTGCCGTAAGACAATGAGAT	61		
0	n320	9	287	1.794003e-22	9.511765e+01	1	50	0	1	50	8	50	0	0	Yes	ACCCACCGGTAAGCCTTACAATCGTCTTAACAGCAAACTATTGCACAGTTTGGAAAATCCTGCGCGGAGGCTCC	74		
0	n321	3	293	2.525018e-23	9.900000e+01	0	50	0	0	50	3	50	0	0	Yes	AGATAGTGAGATGACTAGTGCGGTCGCGCCCTACGTAATATGACTCTTTTACGTATAGTTCTGGCACATGATCATCCGG	79		
0	n322	11	293	2.525018e-23	9.900000e+01	0	50	0	0	50	11	50	0	0	Yes	TCGACTCATGAATGCTGGTGGTCACCAATACACCTGT	37		
0	n323	33	293	2.525018e-23	9.900000e+01	0	50	0	0	50	33	50	0	0	Yes	ACTCCCATCACTCCCCGTCAACCTAAGCAAC	31		
0	n324	22	-1	NA	NA	NA	NA	NA	8	50	14	50	0	0	No	ACCCTTCAGCGAAACTCTTGCGCAAAATCACGTCTATACGGCCGTTCAGTGTCGCCCA	58		
0	n325	9	293	2.525018e-23	9.900000e+01	0	50	0	0	50	9	50	0	0	Yes	TCGAGTCTCACTCGATATTCAGCCAGACAATCCCATGACACCGGA	45		
0	n326	3	293	2.525018e-23	9.900000e+01	0	50	0	0	50	3	50	0	0	Yes	CCTGGGGTGATCGAGTCTCACTCGATATTCCAGCCAGTCAATCCCATGACACCGGAAATAGGGAGACG	68		
0	n327	3	293	2.525018e-23	9.900000e+01	0	50	0	0	50	3	50	0	0	Yes	CTAACATGCTCGGCTTTGACGGCCTGGGGTATCGAGTCTCACTCGTATTCAGCCAGACAATCCCATGACACCGGA	75		
0	n328	5	293	2.525018e-23	9.900000e+01	0	50	0	0	50	5	50	0	0	Yes	AGTCCGAGCCCTACGCATACTGGCCCCGGACCTAACGTGTTGCACTCGGAGTGAGAGGGGAAGTAGGTCGAAATGCTCTC	80		
0	n329	9	-1	NA	NA	NA	NA	NA	1	50	8	50	0	0	No	TAGCCAAGTGAGACTTAATTTCAACAACTCGGCCAGTGCTATAGATCATTCTTGCAGCT	59		
0	n330	19	293	2.525018e-23	9.900000e+01	0	50	0	0	50	19	50	0	0	Yes	TTGCACTCGGGTGAGAGGGGAAGTAGGTCGAAATG	35		
0	n331	45	-1	NA	NA	NA	NA	NA	27	50	18	50	0	0	No	GAGACTTAATTTCAACAACTCCGGCCAGTGCTATAG	36		
0	n332	9	293	2.525018e-23	9.900000e+01	0	50	0	0	50	9	50	0	0	Yes	CCACTTCTGTAGCTAGTATTGCAAGCGACGCCCGCCGC	38		
0	n333	45	-1	NA	NA	NA	NA	NA	28	50	17	50	0	0	No	GTCACTTTTTTGGCCTTGTACTGTAGCCAAGTGAGA	36		
0	n334	5	-1	NA	NA	NA	NA	NA	2	50	3	50	0	0	No	CGAACTTAACAACCGTAATTGATGAGGACACTGCTTCCCTCTCGGGATATACCGCTAAACA	61		
0	n335	61	-1	NA	NA	NA	NA	NA	33	50	28	50	0	0	No	GTACTGTAGCCAAGTGAGACTTAATTTCAACAACTC	36		
0	n336	50	-1	NA	NA	NA	NA	NA	26	50	24	50	0	0	No	GAGACTGGCGAGCGTGGTGGAGACAGGTATAATATGGAG	39		
0	n337	13	-1	NA	NA	NA	NA	NA	8	50	5	50	0	0	No	TAAACCCAGCCGTAACCCATTTCGGAAACGACGGTTGCCGCTAGAGTGGCGAGTTTTACAG	61		
0	n338	12	259	1.148478e-18	7.778571e+01	6	50	0	6	50	6	50	0	0	Yes	CTGTTGCAATAGTTTGCTGTTAAGACGATGAAAGGCTTACCGGTGGGTGCAATGAGGA	58		
0	n339	5	286	1.182926e-21	9.138462e+01	2	50	0	2	50	3	50	0	0	Yes	GTTGCAATAGTTTGCTGTTAAGACGATGTAGGGCTTACCGGTGGGTGCAAGAGGACATGCG	61		
0	n340	9	-1	NA	NA	NA	NA	NA	7	50	2	50	0	0	No	AGTACAAGGCCAAAAAAGTGACGGACAACGATGGAGACTGGCGAGCGTGGTGGAGACAG	59		
0	n341	15	293	2.525018e-23	9.900000e+01	0	50	0	0	50	15	50	0	0	Yes	CACGAGCACACTCCCATCACTCCCCGTCAACCTAAG	36		
0	n342	31	293	2.525018e-23	9.900000e+01	0	50	0	0	50	31	50	0	0	Yes	TTACGCAGGCGCGACCGCACTAGTCATCTCACTA	34		
0	n343	22	293	2.525018e-23	9.900000e+01	0	50	0	0	50	22	50	0	0	Yes	CGACGCTAATCAATTTATAGAAAATCTCTCGCTCG	35		
0	n344	12	-1	NA	NA	NA	NA	NA	6	50	6	50	0	0	No	CACGCTCGCCAGTCTCCATCCGTTGTCCGTCACT	34		
0	n345	16	293	2.525018e-23	9.900000e+01	0	50	0	0	50	16	50	0	0	Yes	GTGGGTCCATACGCGACGCTAATCAATTTATAGAAAATCTCTC	43		
0	n346	9	293	2.525018e-23	9.900000e+01	0	50	0	0	50	9	50	0	0	Yes	ATCACGCGGCGGGCGTCGCTTGCAATACTAGCTAC	35		
0	n347	10	293	2.525018e-23	9.900000e+01	0	50	0	0	50	10	50	0	0	Yes	CTATACGTAGAAAGTGTCATATTACGCAGGCGCGA	35		
0	n348	7	293	2.525018e-23	9.900000e+01	0	50	0	0	50	7	50	0	0	Yes	AGTGCAACACGTTAGCTCCGGGGCCAGTATGCGTAGGGC	39		
0	n349	5	293	2.525018e-23	9.900000e+01	0	50	0	0	50	5	50	0	0	Yes	ACGGGATGGGGTGAGATGTTGACTTCGTTGTATTGTGGAGTTCAGCGCTAATACCGACGGTGTCCGTCCATCTCCTCTGCAAGTACCA	88		
0	n350	26	293	2.525018e-23	9.900000e+01	0	50	0	0	50	26	50	0	0	Yes	CGACGGGTGTCCGTCCATCTCCTCTGCAAGTACCA	35		
0	n351	3	293	2.525018e-23	9.900000e+01	0	50	0	0	50	3	50	0	0	Yes	TGGAGTTCAGCGCTAATACCGACGGGTGTCGTCCATCTCCTCTGCAAGTACCATCGTTA	59		
0	n352	60	-1	NA	NA	NA	NA	NA	32	50	28	50	0	0	No	TGTTCCCTATAAAATGGGTGCTCTGTCCAGGGGCCTACTC	40		
0	n353	45	-1	NA	NA	NA	NA	NA	24	50	21	50	0	0	No	ATACCTGTCTCCACCACGCTCGCCAGTCTCC	31		
0	n354	9	-1	NA	NA	NA	NA	NA	1	50	8	50	0	0	No	CTATGAGGAGTCGCTGAAGGTCACCTGGGATATCTATTTCCATCATGGTCTTTATGGGGGCGACACTGCACGGCCGTATAAGACGTGGATTTTGCGCAAGAGTTTCGCTG	110		
0	n355	17	-1	NA	NA	NA	NA	NA	9	50	8	50	0	0	No	ATATCGGTTTGGATTGGCCCTAAGTCTCCGG	31		
0	n356	28	293	2.525018e-23	9.900000e+01	0	50	0	0	50	28	50	0	0	Yes	ATATTACGCAGGCGCGACCGCACTAGTCATCTC	33		
0	n357	58	-1	NA	NA	NA	NA	NA	28	50	30	50	0	0	No	GAGCCATATTATGCGATCGGCTAGATTGTACATCGCGAATGAA	43		
0	n358	23	-1	NA	NA	NA	NA	NA	13	50	10	50	0	0	No	ATAATATGGAGGAGAGGTACAGAAGAAGGGCTGGAAGCTA	40		
0	n359	9	-1	NA	NA	NA	NA	NA	7	50	2	50	0	0	No	AGACAGGTATAATATGGAGGAGAGGTACAGGAAGAAGGGCTGGAAGCTAGAATGTACGGA	60		
0	n360	25	-1	NA	NA	NA	NA	NA	14	50	11	50	0	0	No	TTGCATATGGTACGGAGTAGGCCCCTGGACAGAGCA	36		
0	n361	8	293	2.525018e-23	9.900000e+01	0	50	0	0	50	8	50	0	0	Yes	ATAGAAAATCTCTCGCTCGCTCAGCATGGTCC	32		
0	n362	31	293	2.525018e-23	9.900000e+01	0	50	0	0	50	31	50	0	0	Yes	CATAGAATTCCCGAGGGTGTATGCGCAGAGGA	32		
0	n363	51	-1	NA	NA	NA	NA	NA	24	50	27	50	0	0	No	ATAGATCGTAAAAAGTGTTTGATATTTCCCCA	32		
0	n364	30	293	2.525018e-23	9.900000e+01	0	50	0	0	50	30	50	0	0	Yes	AGATAGTGAGATGACTAGTGCGGTCGCGCCTGC	33		
0	n365	24	293	2.525018e-23	9.900000e+01	0	50	0	0	50	24	50	0	0	Yes	ATCAAAAAGGAGGACCTCCCAAATAAGATAA	31		
0	n366	25	293	2.525018e-23	9.900000e+01	0	50	0	0	50	25	50	0	0	Yes	CGATCAATCACGCGGCGGGCGTCGCTTGCAATA	33		
0	n367	14	293	2.525018e-23	9.900000e+01	0	50	0	0	50	14	50	0	0	Yes	GATCATGGCAGACCTGGTCGACTCATGAATGCTG	34		
0	n368	5	293	2.525018e-23	9.900000e+01	0	50	0	0	50	5	50	0	0	Yes	AAGTCAACATCTCACCCCATCCCGTCCTCCCGGGAGAGGCATTCGGGTCCCGAGAGTACG	60		
0	n369	17	293	2.525018e-23	9.900000e+01	0	50	0	0	50	17	50	0	0	Yes	CATCTCACCCCATCCCGTCCTCCTCGGGAGAGGCATTCG	39		
0	n370	21	293	2.525018e-23	9.900000e+01	0	50	0	0	50	21	50	0	0	Yes	ATCTCATTGTCTTACGGCAGCGAACTATAGAAAACTCACGACGA	44		
0	n371	8	293	2.525018e-23	9.900000e+01	0	50	0	0	50	8	50	0	0	Yes	GATCTCGTTCTATTCTCGCGAATCAAAAAGGAG	33		
0	n372	53	-1	NA	NA	NA	NA	NA	31	50	22	50	0	0	No	ATCTGAGCGGGGTTACAACCTCTGCTGGACTCCACGC	37		
0	n373	5	293	2.525018e-23	9.900000e+01	0	50	0	0	50	5	50	0	0	Yes	ATCGAGTCTCACTCGATATTCAGCCAGACAA	31		
0	n374	22	293	2.525018e-23	9.900000e+01	0	50	0	0	50	22	50	0	0	Yes	GAGATCGCAGTCCGAGCCCTACGCATACTGGCCCCGGA	38		
0	n375	38	-1	NA	NA	NA	NA	NA	16	50	22	50	0	0	No	AGATCGTAAAAAGTGTTTGATATTTCCCCACATCAC	36		
0	n376	25	293	2.525018e-23	9.900000e+01	0	50	0	0	50	25	50	0	0	Yes	TGATCGGTAGTGGTGATGAACCATTGCCTCAGC	33		
0	n377	5	-1	NA	NA	NA	NA	NA	2	50	3	50	0	0	No	CTGTTGCATTTATCGGTCAGCCTGTTAAAAAACACAGCAATACCAGCTCGTCTCGTATAAAC	62		
0	n378	31	-1	NA	NA	NA	NA	NA	12	50	19	50	0	0	No	CTGTTGCATTTATCGGTCAGCCTGTTAAAATACCACAGCAATA	43		
0	n379	26	-1	NA	NA	NA	NA	NA	16	50	10	50	0	0	No	TATCGGTTTGGATTGGCCCTAAGTCTCCGGCG	32		
0	n380	76	-1	NA	NA	NA	NA	NA	43	50	33	50	0	0	No	ATTAATCTGAGCGGGGTTACAACCTCTGCTG	31		
0	n381	10	293	2.525018e-23	9.900000e+01	0	50	0	0	50	10	50	0	0	Yes	ATTCATGAGTCGACCAGGTCTGCCATGATCGG	32		
0	n382	12	293	2.525018e-23	9.900000e+01	0	50	0	0	50	12	50	0	0	Yes	TATTCAGCCAGACAATCCCATGACACCGGAAAT	33		
0	n383	13	293	2.525018e-23	9.900000e+01	0	50	0	0	50	13	50	0	0	Yes	CGTTCTATTCTCGCGAATCAAAAAGGAGGACCTCCCAAATAAGA	44		
0	n384	13	293	2.525018e-23	9.900000e+01	0	50	0	0	50	13	50	0	0	Yes	ATTCGGGTCCCGAGAGTACGCGAGCAACATCAAGCGG	37		
0	n385	40	293	2.525018e-23	9.900000e+01	0	50	0	0	50	40	50	0	0	Yes	ATTTTGAATCCCGCTCGAACTATGCTACTAA	31		
0	n386	19	293	2.525018e-23	9.900000e+01	0	50	0	0	50	19	50	0	0	Yes	TAAATTGATTAGCGTCGCGTATGGACCCACGATG	34		
0	n387	41	-1	NA	NA	NA	NA	NA	20	50	21	50	0	0	No	ATTGAGCCATATTATGCGATCGGCTAGATTG	31		
0	n388	34	293	2.525018e-23	9.900000e+01	0	50	0	0	50	34	50	0	0	Yes	GATGAACCATTGCCTCAGCCTCGGGAAGACTG	32		
0	n389	27	293	2.525018e-23	9.900000e+01	0	50	0	0	50	27	50	0	0	Yes	ATGACTAGTGCGGTCGCGCCTGCGTAATATG	31		
0	n390	20	293	2.525018e-23	9.900000e+01	0	50	0	0	50	20	50	0	0	Yes	CATGATCGGTAGTGGTGATGAACCATTGCCTC	32		
0	n391	16	293	2.525018e-23	9.900000e+01	0	50	0	0	50	16	50	0	0	Yes	ATGAGGACATGCGACAATGGTAACATGAACAC	32		
0	n392	3	293	2.525018e-23	9.900000e+01	0	50	0	0	50	3	50	0	0	Yes	ATGTAAGGCTTACCGGTGGGTGCAATGAGGGACATGCGACAATGGTAACATGAACACCA	59		
0	n393	13	293	2.525018e-23	9.900000e+01	0	50	0	0	50	13	50	0	0	Yes	CCCGCTTGATGTTGCTCGCGTACTCTCGGGCCCCGAATGCCTCTCCCGAGGAGGACTGAATGGGGTGAGATGTTGACTTCGTTGATTGT	89		
0	n394	12	293	2.525018e-23	9.900000e+01	0	50	0	0	50	12	50	0	0	Yes	ATGTCCTCATTGCACCCACCGGTAAGCCTTACA	33		
0	n395	41	-1	NA	NA	NA	NA	NA	19	50	22	50	0	0	No	CCATGATGTCTTTATGTGGGCGACACTGAACGGCCG	36		
0	n396	69	-1	NA	NA	NA	NA	NA	33	50	36	50	0	0	No	GGGAATGTTCCCTATAAAATGGGTGCTCTGTCCAG	35		
0	n397	12	-1	NA	NA	NA	NA	NA	6	50	6	50	0	0	No	GAAGAAGGGCTGGAAGCTAGAATGTACGGACTCACCTTGTTATATCCGGTATGTTTAGCGGTATATCCCGAGAGGGAAGCA	81		
0	n398	16	293	2.525018e-23	9.900000e+01	0	50	0	0	50	16	50	0	0	Yes	ATGTTGCTCGCGTACTCTCGGGACCCGAATGC	32		
0	n399	29	293	2.525018e-23	9.900000e+01	0	50	0	0	50	29	50	0	0	Yes	TTCTATGTGCCCGCTTGATGTTGCTCGCGTACTCTCGGG	39		
0	n400	6	293	2.525018e-23	9.900000e+01	0	50	0	0	50	6	50	0	0	Yes	TTCTATGTGCCCGCTTGATGTTGCTCGCGTCTCTCGGGTCCCGAATGCCTCTCCCGAGGAGGACGGGAT	69		
0	n401	5	293	2.525018e-23	9.900000e+01	0	50	0	0	50	5	50	0	0	Yes	ATGGCCAGTTCCACGAAGCTTGGTGGCCGTAG	32		
0	n402	9	293	2.525018e-23	9.900000e+01	0	50	0	0	50	9	50	0	0	Yes	ATGGCCAGTTCCACGAAGCTTGGTGGCCGTG	31		
0	n403	31	293	2.525018e-23	9.900000e+01	0	50	0	0	50	31	50	0	0	Yes	ACGATGGTACTTGCAGAGGAGATGGACGGACACC	34		
0	n404	37	-1	NA	NA	NA	NA	NA	18	50	19	50	0	0	No	ATGGTACGGAGTAGGCCCCTGGACAGAGCAC	31		
0	n405	34	-1	NA	NA	NA	NA	NA	17	50	17	50	0	0	No	ATGGGGCAAAACAGGTTCGCTCATGCACTTGCA	33		
0	n406	8	293	2.525018e-23	9.900000e+01	0	50	0	0	50	8	50	0	0	Yes	AGAAAATCTCTCGCTCGCTCAGCATGGTCCC	31		
0	n407	23	293	2.525018e-23	9.900000e+01	0	50	0	0	50	23	50	0	0	Yes	CGTAGAAAGTGTCATATTACGCAGGCGCGACCGCA	35		
0	n408	17	293	2.525018e-23	9.900000e+01	0	50	0	0	50	17	50	0	0	Yes	GAGAGCATTTCGACCTACTTCCCCTCTCACCCG	33		
0	n409	29	-1	NA	NA	NA	NA	NA	15	50	14	50	0	0	No	CCTCCAGAGCTGCAAGAATGATCTATAGCACTGGCCG	37		
0	n410	21	293	2.525018e-23	9.900000e+01	0	50	0	0	50	21	50	0	0	Yes	AGAGGCATTCGGGTCCCGAGAGTACGCGAGCAA	33		
0	n411	1	293	2.525018e-23	9.900000e+01	0	50	0	0	50	1	50	0	0	Yes	GGAGATGGACGGACACCCGTCGGTATTAGCTGATGAACTCCACAATCAACGAAGTCAAGCATCTCACCCCATCCCGTCCTCCTCGGGAG	89		
0	n412	16	293	2.525018e-23	9.900000e+01	0	50	0	0	50	16	50	0	0	Yes	AGCATTTCGACCTACTTCCCCTCTCACCCGAG	32		
0	n413	64	-1	NA	NA	NA	NA	NA	39	50	25	50	0	0	No	AGCCAAGTGAGACTTAATTTCAACAACTCCG	31		
0	n414	15	293	2.525018e-23	9.900000e+01	0	50	0	0	50	15	50	0	0	Yes	TCAGCCAGACAATCCCATGACACCGGAAATAGG	33		
0	n415	13	293	2.525018e-23	9.900000e+01	0	50	0	0	50	13	50	0	0	Yes	CCGAGCCCTACGCATACTGGCCCCGGAGCTAACG	34		
0	n416	17	293	2.525018e-23	9.900000e+01	0	50	0	0	50	17	50	0	0	Yes	AGCTCCGGGGCCAGTATGCGTAGGGCTCGGACT	33		
0	n417	29	-1	NA	NA	NA	NA	NA	15	50	14	50	0	0	No	AGCTGCAAGAATGATCTATAGCACTGGCCGGAG	33		
0	n418	8	293	2.525018e-23	9.900000e+01	0	50	0	0	50	8	50	0	0	Yes	AGCGGGCACATAGAATTCCCGAGGGTGTATA	31		
0	n419	24	293	2.525018e-23	9.900000e+01	0	50	0	0	50	24	50	0	0	Yes	AGCGGGCACATAGAATTCCCGAGGGTGTATGCGCAGA	37		
0	n420	36	293	2.525018e-23	9.900000e+01	0	50	0	0	50	36	50	0	0	Yes	AGTAGCATAGTTCGAGCGGGATTCAAAATAACA	33		
0	n421	30	293	2.525018e-23	9.900000e+01	0	50	0	0	50	30	50	0	0	Yes	GTAGTGGTGATGAACCATTGCCTCAGCCTCGGGAAGAC	38		
0	n422	24	293	2.525018e-23	9.900000e+01	0	50	0	0	50	24	50	0	0	Yes	GAGGACATGCGACAATGGTAACATGAACACCA	32		
0	n423	8	293	2.525018e-23	9.900000e+01	0	50	0	0	50	8	50	0	0	Yes	AAGGCTTACCGGTGGGTGCAATGAGGAATGCGACA	35		
0	n424	2	293	2.525018e-23	9.900000e+01	0	50	0	0	50	2	50	0	0	Yes	GTAAGGCTTTACCGGTGGGTGCAATGAGGAATGCGACA	38		
0	n425	5	-1	NA	NA	NA	NA	NA	2	50	3	50	0	0	No	GAGGCTTGCATATGGTACGGAGTAGGCCCCTG	32		
0	n426	20	293	2.525018e-23	9.900000e+01	0	50	0	0	50	20	50	0	0	Yes	AGGCTGAGGCAATGGTTCATCACCACTACCGA	32		
0	n427	16	-1	NA	NA	NA	NA	NA	7	50	9	50	0	0	No	AACAGTACCGGATATAACAAGGTGAGTTCCTACATTCTTAGCTTCCAGCCCTTCTTCTGTACCTCTCC	68		
0	n428	24	-1	NA	NA	NA	NA	NA	13	50	11	50	0	0	No	CAACTCCGGCCAGTGCTATAGATCATTCTTG	31		
0	n429	21	293	2.525018e-23	9.900000e+01	0	50	0	0	50	21	50	0	0	Yes	TGCAAGCGACGCCCGCCGCGTGATTGATCGGAG	33		
0	n430	19	293	2.525018e-23	9.900000e+01	0	50	0	0	50	19	50	0	0	Yes	CACACTCCCATCACTCCCCGTCAACCTAAGC	31		
0	n431	6	293	2.525018e-23	9.900000e+01	0	50	0	0	50	6	50	0	0	Yes	TCACCACTACCGATCATGGCAGACCTGGTCGA	32		
0	n432	35	-1	NA	NA	NA	NA	NA	16	50	19	50	0	0	No	CATAAAGACATCATGGAATTAGATGTCCCAG	31		
0	n433	38	-1	NA	NA	NA	NA	NA	16	50	22	50	0	0	No	CATAGATCGTAAAAAGTGTTTGATATTTCCC	31		
0	n434	19	293	2.525018e-23	9.900000e+01	0	50	0	0	50	19	50	0	0	Yes	CATCTCATTGTCTTACGGCAGCGAACTATAG	31		
0	n435	9	-1	NA	NA	NA	NA	NA	1	50	8	50	0	0	No	GAACTTAACAACCGTAATTGATGAGGACATCTCCCTCTCGGGATATACCGCTAAACAGTAC	61		
0	n436	14	293	2.525018e-23	9.900000e+01	0	50	0	0	50	14	50	0	0	Yes	CCATTGTCGCATGTCCTCATTGCACCCACCG	31		
0	n437	53	-1	NA	NA	NA	NA	NA	31	50	22	50	0	0	No	TCCAGCAGAGGTTGTAACCCCGCTCAGATTAA	32		
0	n438	14	-1	NA	NA	NA	NA	NA	9	50	5	50	0	0	No	GTCCAGGGGCCTACTCCGTACCATATGCAAGCC	33		
0	n439	81	-1	NA	NA	NA	NA	NA	40	50	41	50	0	0	No	CCCAATTCATTCGCGATGTACAATCTAGCCG	31		
0	n440	25	-1	NA	NA	NA	NA	NA	15	50	10	50	0	0	No	CCCCAATTCATTCGCGATGTACAATCTAGCC	31		
0	n441	46	-1	NA	NA	NA	NA	NA	22	50	24	50	0	0	No	GGCCCTAAGTCTCCGGCGGACGAACTTAACAAC	33		
0	n442	24	-1	NA	NA	NA	NA	NA	13	50	11	50	0	0	No	CCCTCCAGAGCTGCAAGAATGATCTATAGCA	31		
0	n443	35	-1	NA	NA	NA	NA	NA	19	50	16	50	0	0	No	TGGGCCCCTCGGTTAACAAACCGCGTCGCTCTTTAAAA	38		
0	n444	16	293	2.525018e-23	9.900000e+01	0	50	0	0	50	16	50	0	0	Yes	CCCGCTTGATGTTGCTCGCGTACTCTCGGGA	31		
0	n445	9	293	2.525018e-23	9.900000e+01	0	50	0	0	50	9	50	0	0	Yes	CCTGGGGTGATCGAGTCTCACTCGATATTCA	31		
0	n446	63	-1	NA	NA	NA	NA	NA	35	50	28	50	0	0	No	CGGTTGCCGCTAGAGTGGCGAGTTTTACAGAACACCCAGT	40		
0	n447	34	-1	NA	NA	NA	NA	NA	23	50	11	50	0	0	No	CGTTGTCCGTCACTTTTTTGGCCTTGTACTGTAGCCAA	38		
0	n448	16	293	2.525018e-23	9.900000e+01	0	50	0	0	50	16	50	0	0	Yes	CTAATCAATTTATAGAAAATCTCTCGCTCGC	31		
0	n449	27	293	2.525018e-23	9.900000e+01	0	50	0	0	50	27	50	0	0	Yes	TCTTTAGTAGCATAGTTCGAGCGGGATTCAAAA	33		
0	n450	42	-1	NA	NA	NA	NA	NA	24	50	18	50	0	0	No	CTTTTTAAAGAGCGACGCGGTTTGTTAACCGA	32		
0	n451	13	293	2.525018e-23	9.900000e+01	0	50	0	0	50	13	50	0	0	Yes	TGGCTGAATATCGAGTGAGACTCGATCACCCCAG	34		
0	n452	50	-1	NA	NA	NA	NA	NA	27	50	23	50	0	0	No	CTGTAAAACTCGCCACTCTAGCGGCAACCGC	31		
0	n453	23	293	2.525018e-23	9.900000e+01	0	50	0	0	50	23	50	0	0	Yes	CTGTAGATAGTGAGATGACTAGTGCGGTCGC	31		
0	n454	24	-1	NA	NA	NA	NA	NA	10	50	14	50	0	0	No	CTGTCTCCACCACGCTCGCCAGTCTCCATCC	31		
0	n455	36	-1	NA	NA	NA	NA	NA	20	50	16	50	0	0	No	GTACTGTTTAGCGGTATATCCCGAGAGGGAAGCA	34		
0	n456	5	293	2.525018e-23	9.900000e+01	0	50	0	0	50	5	50	0	0	Yes	TGTCTGGCTGAATATCGAGTGAGACTCGATCACC	34		
0	n457	31	-1	NA	NA	NA	NA	NA	12	50	19	50	0	0	No	GAGCTGGTATTGCTGTGGTATTTTAACAGGCTGAC	35		
0	n458	31	293	2.525018e-23	9.900000e+01	0	50	0	0	50	31	50	0	0	Yes	CGCGACCGCACTAGTCATCTCACTATCTACA	31		
0	n459	44	-1	NA	NA	NA	NA	NA	20	50	24	50	0	0	No	CGGTCAGCCTGTTAAAATACCACAGCAATACC	32		
0	n460	26	-1	NA	NA	NA	NA	NA	10	50	16	50	0	0	No	TAAAAAGTGTTTGATATTTCCCCACATCACC	31		
0	n461	39	293	2.525018e-23	9.900000e+01	0	50	0	0	50	39	50	0	0	Yes	TATTTTGAATCCCGCTCGAACTATGCTACTA	31		
0	n462	14	293	2.525018e-23	9.900000e+01	0	50	0	0	50	14	50	0	0	Yes	TATTGGTGACCACCAGCATTCATGAGTCGAC	31		
0	n463	33	293	2.525018e-23	9.900000e+01	0	50	0	0	50	33	50	0	0	Yes	TAGATAGTGAGATGACTAGTGCGGTCGCGCC	31		
0	n464	52	-1	NA	NA	NA	NA	NA	32	50	20	50	0	0	No	TAGCCAAGTGAGACTTAATTTCAACAACTCC	31		
0	n465	38	-1	NA	NA	NA	NA	NA	16	50	22	50	0	0	No	TCATCAATTACGGTTGTTAAGTTCGTCCGCC	31		
0	n466	15	293	2.525018e-23	9.900000e+01	0	50	0	0	50	15	50	0	0	Yes	TCCCAAATAAGATAACATCGTGGGTCCATAC	31		
0	n467	54	-1	NA	NA	NA	NA	NA	24	50	30	50	0	0	No	TTAATTGCCATCTCTCTCCCAATTCATTCGC	31		
0	n468	2	293	2.525018e-23	9.900000e+01	0	50	0	0	50	2	50	0	0	Yes	CATTCCTCATTGCACCCACCGGTAAGCCTTTCA	33		
0	n469	57	-1	NA	NA	NA	NA	NA	29	50	28	50	0	0	No	TTGGAAAATCCTGCGCGGAGGCTCCGGGACCA	32		
0	n470	27	293	2.525018e-23	9.900000e+01	0	50	0	0	50	27	50	0	0	Yes	GTTGGTGTTCATGTTACCATTGTCGCATGTCC	32		
0	n471	7	293	2.525018e-23	9.900000e+01	0	50	0	0	50	7	50	0	0	Yes	TGCCGTAAGACAATGAGATGGCCAGTTCCAC	31		
0	n472	5	-1	NA	NA	NA	NA	NA	2	50	3	50	0	0	No	TGCTATAGATCATTCTTGCAGCTCTGGAGGC	31		
0	n473	44	-1	NA	NA	NA	NA	NA	24	50	20	50	0	0	No	TGGTACGGAGTAGGCCCCTGGACAGAGCACCC	32		
0	n474	3	293	2.525018e-23	9.900000e+01	0	50	0	0	50	3	50	0	0	Yes	TGGGACCATGCTGAGCGAGCGAGAGATTTTC	31		
0	n475	8	293	2.525018e-23	9.900000e+01	0	50	0	0	50	8	50	0	0	Yes	GAATATCGAGTGAGACTCGATCACCCCAGGC	31		
0	n476	33	293	2.525018e-23	9.900000e+01	0	50	0	0	50	33	50	0	0	Yes	GAGGCTGAGGCAATGGTTCATCACCACTACC	31		
0	n477	37	293	2.525018e-23	9.900000e+01	0	50	0	0	50	37	50	0	0	Yes	GCGCGACCGCACTAGTCATCTCACTATCTAC	31		
0	n478	17	293	2.525018e-23	9.900000e+01	0	50	0	0	50	17	50	0	0	Yes	GTTGCTCGCGTACTCTCGGGACCCGAATGCC	31		
0	n479	12	-1	NA	NA	NA	NA	NA	7	50	5	50	0	0	No	ACCGCGTCGCTCTTTAAAAAGTATTCCTGCACGTCCTGCTCTTTAAACCCAGCCGTAACCC	61		
0	n480	43	-1	NA	NA	NA	NA	NA	23	50	20	50	0	0	No	AAAAAGTATTCCTGCCCGTCCTGCTCTTTAA	31		
0	n481	32	293	2.525018e-23	9.900000e+01	0	50	0	0	50	32	50	0	0	Yes	AAAACTCACGACGAAGTGAACCCTACACGAG	31		
0	n482	40	-1	NA	NA	NA	NA	NA	16	50	24	50	0	0	No	AAAATACCACAGCAATACCAGCTCGTCTCGT	31		
0	n483	38	-1	NA	NA	NA	NA	NA	22	50	16	50	0	0	No	GCAAAATCCACGTCTATACGGCCGTTCAGTGTCGCCCA	38		
0	n484	13	293	2.525018e-23	9.900000e+01	0	50	0	0	50	13	50	0	0	Yes	ATAGAAAATCTCTCGCTCGCTCAGCATGGTTCCCCACGGCCACCAAGCTTCGTGGAACTGGC	62		
0	n485	48	-1	NA	NA	NA	NA	NA	25	50	23	50	0	0	No	AAAAGTATTCCTGCCCGTCCTGCTCTTTAAACCC	34		
0	n486	9	-1	NA	NA	NA	NA	NA	7	50	2	50	0	0	No	GCCACTCTAGCGGCAACCGCGTTTCCGAAAAGGGTTACGGCTGGGTTTAAAGAGCAGGACG	61		
0	n487	13	-1	NA	NA	NA	NA	NA	8	50	5	50	0	0	No	GCTAAACAGTACCGGATATAACAAGGTGAGATTCCGTACATTCTAGCTTCCAGCCCTTCTT	61		
0	n488	56	-1	NA	NA	NA	NA	NA	23	50	33	50	0	0	No	TAAACAGTACCGGATATAACAAGGTGAGTTCC	32		
0	n489	27	-1	NA	NA	NA	NA	NA	13	50	14	50	0	0	No	TAAACCCAGCCGTAACCCATTTCGGAAACGCGGTTGC	37		
0	n490	11	-1	NA	NA	NA	NA	NA	5	50	6	50	0	0	No	GTATTCCTGCCCGTCCTGCTCTTTAAACCCGAGCCGTAACCCATTTCGGAAACGCGGTTGC	61		
0	n491	46	-1	NA	NA	NA	NA	NA	23	50	23	50	0	0	No	ATAAACCGGGGAGACCCTTCAGCGAAACTCTTGCGCAAAATC	42		
0	n492	12	-1	NA	NA	NA	NA	NA	6	50	6	50	0	0	No	CCAGATAAACCGGGGAGACCCTTCAGCGAACTCATGCGCAAAATCCACGTCTATACGGCCGTTC	64		
0	n493	45	-1	NA	NA	NA	NA	NA	28	50	17	50	0	0	No	AAACTATTGCAACAGTTTGGAAAATCCTGCGCGGAG	36		
0	n494	31	293	2.525018e-23	9.900000e+01	0	50	0	0	50	31	50	0	0	Yes	AAACTCACGACGAAGTGAACCCTACACGAGC	31		
0	n495	12	251	5.523613e-18	7.468421e+01	7	50	0	7	50	5	50	0	0	Yes	ACCCACCGGTAAAGCCTTACATCGTCTTACAGCAAACTCTTGCAACAGTTTGGAAAATCCTGCGCGGAG	69		
0	n496	9	-1	NA	NA	NA	NA	NA	7	50	2	50	0	0	No	AAACTCTTGCGCAAAATCCACGTCTATACGGCCGTTC	37		
0	n497	13	229	2.518495e-17	7.168966e+01	8	50	0	8	50	5	50	0	0	Yes	GCAGGATTTTCCAAACTGTTGCAATAGTTTCTGTTAAGACGATGTAAGGCTTACCGGTGG	60		
0	n498	44	-1	NA	NA	NA	NA	NA	26	50	18	50	0	0	No	CAAACTGTTGCAATAGTTTGCTGTTAAGACGA	32		
0	n499	47	-1	NA	NA	NA	NA	NA	22	50	25	50	0	0	No	AAATACCACAGCAATACCAGCTCGTCTCGTATAAAC	36		
0	n500	24	293	2.525018e-23	9.900000e+01	0	50	0	0	50	24	50	0	0	Yes	CCGGAAATAGGGAGACGTCCGGTTCTGCTTTCTCCGATCAA	41		
0	n501	31	293	2.525018e-23	9.900000e+01	0	50	0	0	50	31	50	0	0	Yes	TAGGTCGAAATGCTCTCAAGGGTTCGCAGTTGCTTAGG	38		
0	n502	4	293	2.525018e-23	9.900000e+01	0	50	0	0	50	4	50	0	0	Yes	GTAGGTCGAAATGCTCTCAAGGGTTCGCAGGTTGCTTAGGTTGACGGGGAGTGATGGGAG	60		
0	n503	49	-1	NA	NA	NA	NA	NA	29	50	20	50	0	0	No	GAAATGGGTTACGGCTGGGTTTAAAGAGCAGGACG	35		
0	n504	34	293	2.525018e-23	9.900000e+01	0	50	0	0	50	34	50	0	0	Yes	AAAGATGACTAACGATGGTACTTGCAGAGGA	31		
0	n505	31	-1	NA	NA	NA	NA	NA	19	50	12	50	0	0	No	TAAAGAGCAGGACGGGCAGGAATACTTTTTAAA	33		
0	n506	36	293	2.525018e-23	9.900000e+01	0	50	0	0	50	36	50	0	0	Yes	CCGTCAAAGCCGAGCATGTTAGTTGGTGTTCATGTTA	37		
0	n507	66	-1	NA	NA	NA	NA	NA	35	50	31	50	0	0	No	AAAGCGTCTTTATTGCATTGATTAGTCCGTGT	32		
0	n508	36	-1	NA	NA	NA	NA	NA	17	50	19	50	0	0	No	GAACTTAACAACCGTAATTGATGAGGACATGCTTCCCTCT	40		
0	n509	30	-1	NA	NA	NA	NA	NA	12	50	18	50	0	0	No	GGATATAACAAGGTGAGTTCCGTACATTCTAGCTTCCA	38		
0	n510	32	293	2.525018e-23	9.900000e+01	0	50	0	0	50	32	50	0	0	Yes	AACACCAACTAACATGCTCGGCTTTGACGGCC	32		
0	n511	8	293	2.525018e-23	9.900000e+01	0	50	0	0	50	8	50	0	0	Yes	GAGTGCAACACGTTAGCTCCGGGGCCAGTAAGCGTAGTGGCTCGGACTGCGATCTCTGAATGATAGAA	68		
0	n512	12	293	2.525018e-23	9.900000e+01	0	50	0	0	50	12	50	0	0	Yes	GTCAACATCTCACCCCATCCCGTCCTCCTCGGGA	34		
0	n513	17	293	2.525018e-23	9.900000e+01	0	50	0	0	50	17	50	0	0	Yes	AACATGCTCGGCTTTGACGGCCTGGGGTGATCGAGTCTC	39		
0	n514	32	-1	NA	NA	NA	NA	NA	20	50	12	50	0	0	No	GTCTTAACAGCAAACTATTGCAACAGTTTGGAAAATCCTGC	41		
0	n515	40	-1	NA	NA	NA	NA	NA	16	50	24	50	0	0	No	AACAGTACCGGATATAACAAGGTGAGTTCCGTACATTCT	39		
0	n516	57	-1	NA	NA	NA	NA	NA	35	50	22	50	0	0	No	TTGCAACAGTTTGGAAAATCCTGCGCGGAGGCTCC	35		
0	n517	26	-1	NA	NA	NA	NA	NA	11	50	15	50	0	0	No	GTAACCCATTTCGGAAACGCGGTTGCCGCTAGAGTGGC	38		
0	n518	10	293	2.525018e-23	9.900000e+01	0	50	0	0	50	10	50	0	0	Yes	GAAGTGAACCCTACACGAGCACACTCCCATCACTCCC	37		
0	n519	25	293	2.525018e-23	9.900000e+01	0	50	0	0	50	25	50	0	0	Yes	TGCGAACCCTTGAGAGCATTTCGACCTACTTCCCC	35		
0	n520	28	293	2.525018e-23	9.900000e+01	0	50	0	0	50	28	50	0	0	Yes	CGTCAACCTAAGCAACTGCGAACCCTTGAGAGCATT	36		
0	n521	47	-1	NA	NA	NA	NA	NA	26	50	21	50	0	0	No	AACCTGTTTTGCCCCATATCGGTTTGGATTGGCC	34		
0	n522	61	-1	NA	NA	NA	NA	NA	33	50	28	50	0	0	No	TTAACCGAGGGGCCCAGATAAACCGGGGAGACCCTTCAGC	40		
0	n523	16	293	2.525018e-23	9.900000e+01	0	50	0	0	50	16	50	0	0	Yes	ACCAACTAACATGCTCGGCTTTGACGGCCTGGGGT	35		
0	n524	19	293	2.525018e-23	9.900000e+01	0	50	0	0	50	19	50	0	0	Yes	GAACTATACGTAGAAAGTGTCATATTACGCAG	32		
0	n525	23	293	2.525018e-23	9.900000e+01	0	50	0	0	50	23	50	0	0	Yes	CGAACTATAGAAAACTCACGACGAAGTGAACCCTACACG	39		
0	n526	8	293	2.525018e-23	9.900000e+01	0	50	0	0	50	8	50	0	0	Yes	CGGACACCCGTCGGTATTAGCGCTGAACTCACATCAACGAAGTCAACATCTCACCCCATCCC	62		
0	n527	44	-1	NA	NA	NA	NA	NA	19	50	25	50	0	0	No	AACTCACCTTGTTATATCCGGTACTGTTTAGC	32		
0	n528	18	293	2.525018e-23	9.900000e+01	0	50	0	0	50	18	50	0	0	Yes	AACTCACGACGAAGTGAACCCTACACGAGCACA	33		
0	n529	29	293	2.525018e-23	9.900000e+01	0	50	0	0	50	29	50	0	0	Yes	AGCGCTGAACTCCACAATCAACGAAGTCAACATCTCAC	38		
0	n530	37	-1	NA	NA	NA	NA	NA	20	50	17	50	0	0	No	AACTGTTGCAATAGTTTGCTGTTAAGACGATG	32		
0	n531	13	293	2.525018e-23	9.900000e+01	0	50	0	0	50	13	50	0	0	Yes	CCCACGGCCACCAAGCTTCGTGGAACTGGCATCTCATTGTCTTACGGCAGCGAACTATA	59		
0	n532	8	293	2.525018e-23	9.900000e+01	0	50	0	0	50	8	50	0	0	Yes	CACGGCCACCAAGCTTCGTGGAACTGGCCAATCTCATTGTCTTACGGCAGCGAACTATAG	60		
0	n533	20	293	2.525018e-23	9.900000e+01	0	50	0	0	50	20	50	0	0	Yes	CAACGAAGTCAACATCTCACCCCATCCCGTCCTCC	35		
0	n534	44	293	2.525018e-23	9.900000e+01	0	50	0	0	50	44	50	0	0	Yes	TAACGATGGTACTTGCAGAGGAGATGGACGGA	32		
0	n535	23	293	2.525018e-23	9.900000e+01	0	50	0	0	50	23	50	0	0	Yes	GCGAGAATAGAACGAGATCCTCTGCGCATACACCCTCGGGA	41		
0	n536	12	-1	NA	NA	NA	NA	NA	4	50	8	50	0	0	No	GACGAGCTGGTATTGCTGTGGTATTTTAACGGCTGACCGATAAATGCAACAGAAAGCCTG	60		
0	n537	19	293	2.525018e-23	9.900000e+01	0	50	0	0	50	19	50	0	0	Yes	GCTAATACCGACGGGTGTCCGTCCATCTCCTCTGCAAG	38		
0	n538	17	293	2.525018e-23	9.900000e+01	0	50	0	0	50	17	50	0	0	Yes	GCGTAATATGACACTTTCTACGTATAGTTCTGGCGACATG	40		
0	n539	5	293	2.525018e-23	9.900000e+01	0	50	0	0	50	5	50	0	0	Yes	GCGTAATATGACACTTTCTACGTATAGTTCGGCGACATGCTCATCCGGCAAACCAACGACCCCTGTAGAG	70		
0	n540	48	-1	NA	NA	NA	NA	NA	23	50	25	50	0	0	No	AATATGGCTCAATGGTGCCACGGGAATGTTCCCTAT	36		
0	n541	42	-1	NA	NA	NA	NA	NA	20	50	22	50	0	0	No	AATAGTTTGCTGTTAAGACGATGTAAGGCTTAC	33		
0	n542	7	293	2.525018e-23	9.900000e+01	0	50	0	0	50	7	50	0	0	Yes	ACAATCAACGAAGTCAACATCTCACCCCATCCC	33		
0	n543	53	-1	NA	NA	NA	NA	NA	27	50	26	50	0	0	No	CCGTAATTGATGAGGACATGCTTCCCTCTCGGGATA	36		
0	n544	13	293	2.525018e-23	9.900000e+01	0	50	0	0	50	13	50	0	0	Yes	GGTGGGTGCAATGAGGAATGCGACAATGGTAACATGAACACCAACTA	47		
0	n545	32	293	2.525018e-23	9.900000e+01	0	50	0	0	50	32	50	0	0	Yes	ATGCGACAATGGTAACATGAACACCAACTAACATGCTCGGCT	42		
0	n546	64	-1	NA	NA	NA	NA	NA	30	50	34	50	0	0	No	AATGGTGCCACGGGAATGTTCCCTATAAAATGG	33		
0	n547	16	-1	NA	NA	NA	NA	NA	13	50	3	50	0	0	No	AAGAAGGGCTGGAAGCTAGAATGTACGGAACTC	33		
0	n548	1	293	2.525018e-23	9.900000e+01	0	50	0	0	50	1	50	0	0	Yes	TTAAGACGATTGTAAGGCTTACCGGTGGGTCAATCAGGAC	40		
0	n549	7	293	2.525018e-23	9.900000e+01	0	50	0	0	50	7	50	0	0	Yes	TTAAGACGATTGTAAGGCTTACCGGTGGGTGCAA	34		
0	n550	11	264	2.257177e-19	8.100000e+01	5	50	0	5	50	6	50	0	0	Yes	AGTTTGCTGTTAAGACGATGTAAGGCTTACAGGTGGGTGCAATGAGGA	48		
0	n551	3	293	2.525018e-23	9.900000e+01	0	50	0	0	50	3	50	0	0	Yes	GTTAAGACGATGTAAGGCTTACCGGTGGGTCAATCAGGAC	40		
0	n552	18	293	2.525018e-23	9.900000e+01	0	50	0	0	50	18	50	0	0	Yes	GTTAAGACGATGTAAGGCTTACCGGTGGGTGCAA	34		
0	n553	1	293	2.525018e-23	9.900000e+01	0	50	0	0	50	1	50	0	0	Yes	GTAAGACGATGTAAGGCTTTACCGGTGGGTCAATCAGGACATGCGACA	48		
0	n554	4	293	2.525018e-23	9.900000e+01	0	50	0	0	50	4	50	0	0	Yes	GTAAGACGATGTAAGGCTTTACCGGTGGGTGCAATGAGGA	40		
0	n555	47	293	2.525018e-23	9.900000e+01	0	50	0	0	50	47	50	0	0	Yes	AAGATGACTAACGATGGTACTTGCAGAGGAGATGGACG	38		
0	n556	6	293	2.525018e-23	9.900000e+01	0	50	0	0	50	6	50	0	0	Yes	GAAGCTTGGTGGCCGTGGGACCATGCTGAGCG	32		
0	n557	15	293	2.525018e-23	9.900000e+01	0	50	0	0	50	15	50	0	0	Yes	AAGTCAACATCTCACCCCATCCCGTCCTCCTC	32		
0	n558	7	293	2.525018e-23	9.900000e+01	0	50	0	0	50	7	50	0	0	Yes	AAGTGGTGCAGTCTTCCCGAGGCTGAGGCAA	31		
0	n559	3	293	2.525018e-23	9.900000e+01	0	50	0	0	50	3	50	0	0	Yes	TGTAAGGCTTACAGGTGGGTGCAATGAGGAATGCGACAATGGT	43		
0	n560	4	293	2.525018e-23	9.900000e+01	0	50	0	0	50	4	50	0	0	Yes	TGTAAGGCTTACCGGTGGGTCAATCAGGACATGCGACA	38		
0	n561	18	-1	NA	NA	NA	NA	NA	8	50	10	50	0	0	No	CAAGGTGAGTTCCGTACATTCTAGCTTCCAGCC	33		
0	n562	9	-1	NA	NA	NA	NA	NA	7	50	2	50	0	0	No	AAGGGCTGGAAGCTAGAATGTACGGAACTCACC	33		
0	n563	26	293	2.525018e-23	9.900000e+01	0	50	0	0	50	26	50	0	0	Yes	TCAAGGGTTCGCAGTTGCTTAGGTTGACGGGGAGTGAT	38		
0	n564	25	-1	NA	NA	NA	NA	NA	16	50	9	50	0	0	No	AGTACAAGGCCAAAAAAGTGACGGACAACGGATG	34		
0	n565	13	293	2.525018e-23	9.900000e+01	0	50	0	0	50	13	50	0	0	Yes	GACACCCGTCGGTATTAGCGCTGAACTCCACAA	33		
0	n566	14	293	2.525018e-23	9.900000e+01	0	50	0	0	50	14	50	0	0	Yes	ACACTTTCTACGTATAGTTCTGGCGACATGATCA	34		
0	n567	3	293	2.525018e-23	9.900000e+01	0	50	0	0	50	3	50	0	0	Yes	ACACTTTCTACGTATAGTTCTGGCGACATGTCATCCGGCAAACCAACGACCCCTGTAGAG	60		
0	n568	16	293	2.525018e-23	9.900000e+01	0	50	0	0	50	16	50	0	0	Yes	ACATCTCACCCCATCCCGTCCTCCTCGGGAG	31		
0	n569	25	56	8.495677e-14	5.568750e+01	14	50	0	14	50	11	50	0	0	Yes	TACATCGTCTTAACAGCAAACTATTGCAACAG	32		
0	n570	32	-1	NA	NA	NA	NA	NA	20	50	12	50	0	0	No	TCCGTACATTCTAGCTTCCAGCCCTTCTTCTGTACC	36		
0	n571	15	293	2.525018e-23	9.900000e+01	0	50	0	0	50	15	50	0	0	Yes	ACATGATCATCCGGCAAACCAACGACCCCTGTAGAG	36		
0	n572	41	-1	NA	NA	NA	NA	NA	25	50	16	50	0	0	No	GGCGAGTTTTACAGAACACCCAGTGATGCAAGTGCATGAGCGAA	44		
0	n573	8	293	2.525018e-23	9.900000e+01	0	50	0	0	50	8	50	0	0	Yes	TAGCTACAGAAGTGGTGCAGTCTTCCCGAGGCTGAGGCA	39		
0	n574	52	-1	NA	NA	NA	NA	NA	24	50	28	50	0	0	No	CACAGCAATACCAGCTCGTCTCGTATAAACTCCAT	35		
0	n575	48	-1	NA	NA	NA	NA	NA	20	50	28	50	0	0	No	ACAGGCTGACCGATAAATGCAACAGAAAGCCTG	33		
0	n576	28	-1	NA	NA	NA	NA	NA	11	50	17	50	0	0	No	AGACAGGTATAATATGGAGGAGAGGTACAGAAGAAG	36		
0	n577	3	293	2.525018e-23	9.900000e+01	0	50	0	0	50	3	50	0	0	Yes	CACCAACTAACATGCTCGGCTTTGACGGCCCTG	33		
0	n578	54	-1	NA	NA	NA	NA	NA	29	50	25	50	0	0	No	ACCACACGGACTAATCAATGCAATAAAGACGCT	33		
0	n579	21	293	2.525018e-23	9.900000e+01	0	50	0	0	50	21	50	0	0	Yes	ACCCACCGGTAAGCCTTACATCGTCTTAACAG	32		
0	n580	69	-1	NA	NA	NA	NA	NA	32	50	37	50	0	0	No	AGAGCACCCATTTTATAGGGAACATTCCCGTGGCACC	37		
0	n581	25	-1	NA	NA	NA	NA	NA	14	50	11	50	0	0	No	GACCCTTCAGCGAAACTCTTGCGCAAAATCCACGTCT	37		
0	n582	22	293	2.525018e-23	9.900000e+01	0	50	0	0	50	22	50	0	0	Yes	ACCCTTGAGAGCATTTCGACCTACTTCCCCTCTCAC	36		
0	n583	13	293	2.525018e-23	9.900000e+01	0	50	0	0	50	13	50	0	0	Yes	CGTACTCTCGGGACCCGAATGCCTCTCCCGAGGAGGACGGGAT	43		
0	n584	11	293	2.525018e-23	9.900000e+01	0	50	0	0	50	11	50	0	0	Yes	ACCCGAGTGCAACACGTTAGCTCCGGGGCCAGTA	34		
0	n585	26	293	2.525018e-23	9.900000e+01	0	50	0	0	50	26	50	0	0	Yes	ACCCGTCGGTATTAGCGCTGAACTCCACAATCAACG	36		
0	n586	38	-1	NA	NA	NA	NA	NA	20	50	18	50	0	0	No	ACCTCTCCTCCATATTATACCTGTCTCCACCACGCTC	37		
0	n587	44	-1	NA	NA	NA	NA	NA	19	50	25	50	0	0	No	TCACCTTGTTATATCCGGTACTGTTTAGCGGTATATCC	38		
0	n588	28	-1	NA	NA	NA	NA	NA	15	50	13	50	0	0	No	ACCGCGTCGCTCTTTAAAAAGTATTCCTGCCCGTC	35		
0	n589	46	-1	NA	NA	NA	NA	NA	21	50	25	50	0	0	No	ACCGTAATTGATGAGGACATGCTTCCCTCTC	31		
0	n590	31	8	2.851876e-13	5.330769e+01	15	50	0	15	50	16	50	0	0	Yes	CCACCGGTAAGCCTTACATCGTCTTAACAGCAAACT	36		
0	n591	32	-1	NA	NA	NA	NA	NA	21	50	11	50	0	0	No	GACTAATCAATGCAATAAAGACGCTTTACTCAA	33		
0	n592	5	293	2.525018e-23	9.900000e+01	0	50	0	0	50	5	50	0	0	Yes	ATACTAGCTACAGAAGTGGTGCAGTCTTCCCGAG	34		
0	n593	20	293	2.525018e-23	9.900000e+01	0	50	0	0	50	20	50	0	0	Yes	ACTCCACAATCAACGAAGTCAACATCTCACCCCAT	35		
0	n594	35	-1	NA	NA	NA	NA	NA	18	50	17	50	0	0	No	ACTCGCCACTCTAGCGGCAACCGCGTTTCCGAAA	34		
0	n595	37	-1	NA	NA	NA	NA	NA	23	50	14	50	0	0	No	GAGACTTAGGGCCAATCCAAACCGATATGGGGCAAA	36		
0	n596	30	293	2.525018e-23	9.900000e+01	0	50	0	0	50	30	50	0	0	Yes	ACTTCGTCGTGAGTTTTCTATAGTTCGCTGCC	32		
0	n597	32	293	2.525018e-23	9.900000e+01	0	50	0	0	50	32	50	0	0	Yes	TTGACTTCGTTGATTGTGGAGTTCAGCGCTAATA	34		
0	n598	33	-1	NA	NA	NA	NA	NA	20	50	13	50	0	0	No	ACTGAACGGCCGTATAGACGTGGATTTTGCGCA	33		
0	n599	27	293	2.525018e-23	9.900000e+01	0	50	0	0	50	27	50	0	0	Yes	ACTGCGAACCCTTGAGAGCATTTCGACCTAC	31		
0	n600	50	-1	NA	NA	NA	NA	NA	20	50	30	50	0	0	No	GCGGACGAACTTAACAACCGTAATTGATGAGGACA	35		
0	n601	20	293	2.525018e-23	9.900000e+01	0	50	0	0	50	20	50	0	0	Yes	TTCCACGAAGCTTGGTGGCCGTGGGACCATGCTGA	35		
0	n602	12	293	2.525018e-23	9.900000e+01	0	50	0	0	50	12	50	0	0	Yes	TCACGACGAAGTGAACCCTACACGAGCACACTCCCA	36		
0	n603	4	293	2.525018e-23	9.900000e+01	0	50	0	0	50	4	50	0	0	Yes	GACGATTGTAAGGCTTACCGGTGGGTGCAATGAGGA	36		
0	n604	3	293	2.525018e-23	9.900000e+01	0	50	0	0	50	3	50	0	0	Yes	GACGATTGTAAGGCTTACCGGTGGGTGCAAGAGGAC	36		
0	n605	16	293	2.525018e-23	9.900000e+01	0	50	0	0	50	16	50	0	0	Yes	AGACGATGTAAGGCTTACCGGTGGGTGCAATGAGG	35		
0	n606	2	293	2.525018e-23	9.900000e+01	0	50	0	0	50	2	50	0	0	Yes	AGACGATGTAAGGCTTACCGGTGGGTGCAAGAGGAC	36		
0	n607	27	293	2.525018e-23	9.900000e+01	0	50	0	0	50	27	50	0	0	Yes	ACGAGATCCTCTGCGCATACACCCTCGGGAAT	32		
0	n608	40	-1	NA	NA	NA	NA	NA	19	50	21	50	0	0	No	GACGAGCTGGTATTGCTGTGGTATTTTAACAGG	33		
0	n609	43	-1	NA	NA	NA	NA	NA	25	50	18	50	0	0	No	GACGCGGTTTGTTAACCGAGGGGCCCAGATAAACCG	36		
0	n610	11	293	2.525018e-23	9.900000e+01	0	50	0	0	50	11	50	0	0	Yes	TACGTATAGTTCTGGCACATGATCATCCGGCAAACC	36		
0	n611	8	293	2.525018e-23	9.900000e+01	0	50	0	0	50	8	50	0	0	Yes	TTTCTACGTATAGTTCTGGCGACATGATCATCCGGCAA	38		
0	n612	23	293	2.525018e-23	9.900000e+01	0	50	0	0	50	23	50	0	0	Yes	ACGTCCGGTTCTGCTTTCTCCGATCAATCAC	31		
0	n613	60	-1	NA	NA	NA	NA	NA	30	50	30	50	0	0	No	CACGTCTATACGGCCGTTCAGTGTCGCCCACA	32		
0	n614	18	293	2.525018e-23	9.900000e+01	0	50	0	0	50	18	50	0	0	Yes	GGAGATGGACGGACACCCGTCGGTATTAGCGCTGAACTC	39		
0	n615	54	-1	NA	NA	NA	NA	NA	31	50	23	50	0	0	No	ACGGACTAATCAATGCAATAAAGACGCTTTA	31		
0	n616	54	-1	NA	NA	NA	NA	NA	27	50	27	50	0	0	No	ACGGCCGTTCAGTGTCGCCCACATAAAGACA	31		
0	n617	49	-1	NA	NA	NA	NA	NA	26	50	23	50	0	0	No	ACGGCTGGGTTTAAAGAGCAGGACGGGCAGGAATA	35		
0	n618	15	293	2.525018e-23	9.900000e+01	0	50	0	0	50	15	50	0	0	Yes	ACGGGATGGGGTGAGATGTTGACTTCGTTGAT	32		
0	n619	3	293	2.525018e-23	9.900000e+01	0	50	0	0	50	3	50	0	0	Yes	ATACTGGCCCCGGAGCTAACGTGTTGCACTC	31		
0	n620	50	-1	NA	NA	NA	NA	NA	26	50	24	50	0	0	No	CGTCTATACGGCCGTTCAGTGTCGCCCACATAAAGA	36		
0	n621	46	-1	NA	NA	NA	NA	NA	21	50	25	50	0	0	No	ATATCCCGAGAGGGAAGCATGTCCTCATCAA	31		
0	n622	33	-1	NA	NA	NA	NA	NA	14	50	19	50	0	0	No	TTATATCCGGTACTGTTTAGCGGTATATCCCGAGAG	36		
0	n623	16	-1	NA	NA	NA	NA	NA	13	50	3	50	0	0	No	CGTATAGACGTGGATTTTGCGCAAGAGTTTCGCTG	35		
0	n624	12	293	2.525018e-23	9.900000e+01	0	50	0	0	50	12	50	0	0	Yes	TATAGTTCTGGCGACATGATCATCCGGCAAACCAACG	37		
0	n625	53	-1	NA	NA	NA	NA	NA	31	50	22	50	0	0	No	TGCATCACTGGGTGTTCTGTAAAACTCGCCACTCTA	36		
0	n626	16	293	2.525018e-23	9.900000e+01	0	50	0	0	50	16	50	0	0	Yes	TTCTATCATTCAGAGATCGCAGTCCGAGCCCTACGCATACTG	42		
0	n627	55	-1	NA	NA	NA	NA	NA	22	50	33	50	0	0	No	GATCTATGAGGAGTCGCTGAAGGTCACCTGGGA	33		
0	n628	48	-1	NA	NA	NA	NA	NA	27	50	21	50	0	0	No	ATCTGGGCCCCTCGGTTAACAAACCGCGTCGCT	33		
0	n629	70	-1	NA	NA	NA	NA	NA	34	50	36	50	0	0	No	ATTAGATGTCCCAGGTGACCTTCAGCGACTCCT	33		
0	n630	68	-1	NA	NA	NA	NA	NA	32	50	36	50	0	0	No	TTGCATTGATTAGTCCGTGTGGTCCCGGAGCCTCCGCGC	39		
0	n631	6	293	2.525018e-23	9.900000e+01	0	50	0	0	50	6	50	0	0	Yes	CATTCCTCATTGCACCCACCGGTAAGCCTTAC	32		
0	n632	19	-1	NA	NA	NA	NA	NA	12	50	7	50	0	0	No	CATTCTAGCTTCCAGCCCTTCTTCTGTACCTCTC	34		
0	n633	11	293	2.525018e-23	9.900000e+01	0	50	0	0	50	11	50	0	0	Yes	TTGATTCGCGAGAATAGAACGAGATCCTCTGCGCATA	37		
0	n634	27	293	2.525018e-23	9.900000e+01	0	50	0	0	50	27	50	0	0	Yes	TGATTGATCGGAGAAAGCAGAACCGGACGTCTC	33		
0	n635	63	-1	NA	NA	NA	NA	NA	30	50	33	50	0	0	No	GTCTTTATTGCATTGATTAGTCCGTGTGGTCCCGGAG	37		
0	n636	20	293	2.525018e-23	9.900000e+01	0	50	0	0	50	20	50	0	0	Yes	CATTGCCTCAGCCTCGGGAAGACTGCACCACT	32		
0	n637	55	-1	NA	NA	NA	NA	NA	28	50	27	50	0	0	No	TGATGAGGACATGCTTCCCTCTCGGGATATACCG	34		
0	n638	46	-1	NA	NA	NA	NA	NA	21	50	25	50	0	0	No	CTATGAGGAGTCGCTGAAGGTCACCTGGGACATC	34		
0	n639	13	293	2.525018e-23	9.900000e+01	0	50	0	0	50	13	50	0	0	Yes	ATGTAAGGCTTACCGGTGGGTGCAATGAGGA	31		
0	n640	45	-1	NA	NA	NA	NA	NA	18	50	27	50	0	0	No	ATGTCCTCATCAATTACGGTTGTTAAGTTCG	31		
0	n641	17	293	2.525018e-23	9.900000e+01	0	50	0	0	50	17	50	0	0	Yes	ATGGTCCCACGGCCACCAAGCTTCGTGGAACTGGC	35		
0	n642	15	293	2.525018e-23	9.900000e+01	0	50	0	0	50	15	50	0	0	Yes	ATGGGAGTGTGCTCGTGTAGGGTTCACTTCG	31		
0	n643	52	-1	NA	NA	NA	NA	NA	23	50	29	50	0	0	No	CGAGACGAGCTGGTATTGCTGTGGTATTTTAAC	33		
0	n644	71	-1	NA	NA	NA	NA	NA	38	50	33	50	0	0	No	CCAGATAAACCGGGGAGACCCTTCAGCGAAACT	33		
0	n645	59	-1	NA	NA	NA	NA	NA	29	50	30	50	0	0	No	AGATGTCCCAGGTGACCTTCAGCGACTCCTC	31		
0	n646	18	-1	NA	NA	NA	NA	NA	11	50	7	50	0	0	No	AGAGCAGGACGGGCAGGAATACTTTTTAAAGAGCGAC	37		
0	n647	8	293	2.525018e-23	9.900000e+01	0	50	0	0	50	8	50	0	0	Yes	AGAGGATCTCGTTCTATTCTCGCGAATCAAAAAG	34		
0	n648	20	56	8.495677e-14	5.568750e+01	14	50	0	12	50	8	50	0	0	Yes	AGCCTTACATCGTCTTAACAGCAAACTATTGCAAC	35		
0	n649	38	-1	NA	NA	NA	NA	NA	18	50	20	50	0	0	No	AGCCGTAACCCATTTCGGAAACGCGGTTGCCGCT	34		
0	n650	10	293	2.525018e-23	9.900000e+01	0	50	0	0	50	10	50	0	0	Yes	AGCTTGGTGGCCGTGGGACCATGCTGAGCGAG	32		
0	n651	22	293	2.525018e-23	9.900000e+01	0	50	0	0	50	22	50	0	0	Yes	CAGCGAACTATAGAAAACTCACGACGAAGTGAA	33		
0	n652	42	-1	NA	NA	NA	NA	NA	25	50	17	50	0	0	No	AGTAAAGCGTCTTTATTGCATTGATTAGTCCG	32		
0	n653	31	293	2.525018e-23	9.900000e+01	0	50	0	0	50	31	50	0	0	Yes	AGTAGGTCGAAATGCTCTCAAGGGTTCGCAG	31		
0	n654	9	293	2.525018e-23	9.900000e+01	0	50	0	0	50	9	50	0	0	Yes	GGCCAGTTCCACGAAGCTTGGTGGCCGTAGGGACCA	36		
0	n655	8	293	2.525018e-23	9.900000e+01	0	50	0	0	50	8	50	0	0	Yes	TAGTTCTGGCACATGATCATCCGGCAAACCAACGACCCCT	40		
0	n656	29	293	2.525018e-23	9.900000e+01	0	50	0	0	50	29	50	0	0	Yes	AGTTGCTTAGGTTGACGGGGAGTGATGGGAG	31		
0	n657	29	293	2.525018e-23	9.900000e+01	0	50	0	0	50	29	50	0	0	Yes	AGGCCGTCAAAGCCGAGCATGTTAGTTGGTG	31		
0	n658	12	-1	NA	NA	NA	NA	NA	4	50	8	50	0	0	No	AGGTGACCTTCAGCGACTCCTCATAGATCGAA	32		
0	n659	35	-1	NA	NA	NA	NA	NA	20	50	15	50	0	0	No	TAGGGCCAATCCAAACCGATATGGGGCAAAACA	33		
0	n660	7	293	2.525018e-23	9.900000e+01	0	50	0	0	50	7	50	0	0	Yes	AGGGGTCGTTGGTTTGCCGGATGATCATGTC	31		
0	n661	73	-1	NA	NA	NA	NA	NA	37	50	36	50	0	0	No	CAATGGTGCCACGGGAATGTTCCCTATAAAA	31		
0	n662	13	293	2.525018e-23	9.900000e+01	0	50	0	0	50	13	50	0	0	Yes	TCACCCCAGGCCGTCAAAGCCGAGCATGTTAG	32		
0	n663	7	293	2.525018e-23	9.900000e+01	0	50	0	0	50	7	50	0	0	Yes	TCACCCGAGTGCAACACGTTAGCTCCGGGGCC	32		
0	n664	30	-1	NA	NA	NA	NA	NA	17	50	13	50	0	0	No	CCATATCGGTTTGGATTGGCCCTAAGTCTCCG	32		
0	n665	27	293	2.525018e-23	9.900000e+01	0	50	0	0	50	27	50	0	0	Yes	CCATCACTCCCCGTCAACCTAAGCAACTGCGA	32		
0	n666	23	293	2.525018e-23	9.900000e+01	0	50	0	0	50	23	50	0	0	Yes	CCATCCCGTCCTCCTCGGGAGAGGCATTCGGG	32		
0	n667	81	-1	NA	NA	NA	NA	NA	39	50	42	50	0	0	No	CAGAGCACCCATTTTATAGGGAACATTCCCG	31		
0	n668	35	293	2.525018e-23	9.900000e+01	0	50	0	0	50	35	50	0	0	Yes	GCAGTTGCTTAGGTTGACGGGGAGTGATGGGA	32		
0	n669	45	-1	NA	NA	NA	NA	NA	18	50	27	50	0	0	No	CAGGTGACCTTCAGCGACTCCTCATAGATCG	31		
0	n670	17	293	2.525018e-23	9.900000e+01	0	50	0	0	50	17	50	0	0	Yes	CCCACGGCCACCAAGCTTCGTGGAACTGGCCA	32		
0	n671	30	293	2.525018e-23	9.900000e+01	0	50	0	0	50	30	50	0	0	Yes	CCATTGCCTCAGCCTCGGGAAGACTGCACCA	31		
0	n672	73	-1	NA	NA	NA	NA	NA	40	50	33	50	0	0	No	GGCCCAGATAAACCGGGGAGACCCTTCAGCGAA	33		
0	n673	20	293	2.525018e-23	9.900000e+01	0	50	0	0	50	20	50	0	0	Yes	CCCCGGAGCTAACGTGTTGCACTCGGGTGAGAGGG	35		
0	n674	52	-1	NA	NA	NA	NA	NA	26	50	26	50	0	0	No	CTCCCCGGTTTATCTGGGCCCCTCGGTTAACAAAC	35		
0	n675	45	-1	NA	NA	NA	NA	NA	21	50	24	50	0	0	No	TCCCTCTCGGGATATACCGCTAAACAGTACCGG	33		
0	n676	35	-1	NA	NA	NA	NA	NA	17	50	18	50	0	0	No	CCCTTCTTCTGTACCTCTCCTCCATATTATAC	32		
0	n677	46	-1	NA	NA	NA	NA	NA	29	50	17	50	0	0	No	CTGCCCGTCCTGCTCTTTAAACCCAGCCGTAACCC	35		
0	n678	7	293	2.525018e-23	9.900000e+01	0	50	0	0	50	7	50	0	0	Yes	TCCTCCTTTTTGATTCGCGAGAATAGAACGAG	32		
0	n679	59	-1	NA	NA	NA	NA	NA	33	50	26	50	0	0	No	TTCCGAAATGGGTTACGGCTGGGTTTAAAGAGCA	34		
0	n680	23	293	2.525018e-23	9.900000e+01	0	50	0	0	50	23	50	0	0	Yes	CCGTCAACCTAAGCAACTGCGAACCCTTGAG	31		
0	n681	7	-1	NA	NA	NA	NA	NA	6	50	1	50	0	0	No	CTAGCTTCCAGCCCTTCTTCTGTACCTCTCC	31		
0	n682	61	-1	NA	NA	NA	NA	NA	31	50	30	50	0	0	No	GCTCAATGGTGCCACGGGAATGTTCCCTATAAA	33		
0	n683	57	-1	NA	NA	NA	NA	NA	27	50	30	50	0	0	No	CTCACCTTGTTATATCCGGTACTGTTTAGCG	31		
0	n684	14	293	2.525018e-23	9.900000e+01	0	50	0	0	50	14	50	0	0	Yes	CTCAGCATGGTCCCACGGCCACCAAGCTTCG	31		
0	n685	18	293	2.525018e-23	9.900000e+01	0	50	0	0	50	18	50	0	0	Yes	CTCGCGTACTCTCGGGACCCGAATGCCTCTCCCG	34		
0	n686	29	293	2.525018e-23	9.900000e+01	0	50	0	0	50	29	50	0	0	Yes	CTTCGTTGATTGTGGAGTTCAGCGCTAATACCG	33		
0	n687	47	-1	NA	NA	NA	NA	NA	27	50	20	50	0	0	No	CTTTAAACCCAGCCGTAACCCATTTCGGAAAC	32		
0	n688	37	-1	NA	NA	NA	NA	NA	18	50	19	50	0	0	No	CTGTACCTCTCCTCCATATTATACCTGTCTCC	32		
0	n689	11	293	2.525018e-23	9.900000e+01	0	50	0	0	50	11	50	0	0	Yes	CTGGCGACATGATCATCCGGCAAACCAACGACC	33		
0	n690	11	293	2.525018e-23	9.900000e+01	0	50	0	0	50	11	50	0	0	Yes	CGACATGATCATCCGGCAAACCAACGACCCC	31		
0	n691	40	-1	NA	NA	NA	NA	NA	21	50	19	50	0	0	No	CGTTTCCGAAATGGGTTACGGCTGGGTTTAA	31		
0	n692	10	293	2.525018e-23	9.900000e+01	0	50	0	0	50	10	50	0	0	Yes	CGGACACCCGTCGGTATTAGCGCTGAACTCCA	32		
0	n693	26	293	2.525018e-23	9.900000e+01	0	50	0	0	50	26	50	0	0	Yes	CGGCAGCGAACTATAGAAAACTCACGACGAA	31		
0	n694	49	-1	NA	NA	NA	NA	NA	25	50	24	50	0	0	No	GTACCTCTCCTCCATATTATACCTGTCTCCAC	32		
0	n695	63	-1	NA	NA	NA	NA	NA	34	50	29	50	0	0	No	TACGGCCGTTCAGTGTCGCCCACATAAAGAC	31		
0	n696	26	293	2.525018e-23	9.900000e+01	0	50	0	0	50	26	50	0	0	Yes	TCGTGTAGGGTTCACTTCGTCGTGAGTTTTC	31		
0	n697	56	-1	NA	NA	NA	NA	NA	28	50	28	50	0	0	No	TTAGTCCGTGTGGTCCCGGAGCCTCCGCGCA	31		
0	n698	5	293	2.525018e-23	9.900000e+01	0	50	0	0	50	5	50	0	0	Yes	TTCCTCATTGCACCCACCGGTAAGCCTTACA	31		
0	n699	29	-1	NA	NA	NA	NA	NA	21	50	8	50	0	0	No	TTCCGTACATTCTAGCTTCCAGCCCTTCTTC	31		
0	n700	33	-1	NA	NA	NA	NA	NA	13	50	20	50	0	0	No	TGATTTTGCGCAAGAGTTTCGCTGAAGGGTC	31		
0	n701	37	-1	NA	NA	NA	NA	NA	20	50	17	50	0	0	No	TGGGTTTAAAGAGCAGGACGGGCAGGAATAC	31		
0	n702	58	-1	NA	NA	NA	NA	NA	30	50	28	50	0	0	No	GATAAACCGGGGAGACCCTTCAGCGAAACTC	31		
0	n703	24	293	2.525018e-23	9.900000e+01	0	50	0	0	50	24	50	0	0	Yes	GCGACATGATCATCCGGCAAACCAACGACCC	31		
